{"stats":{"minecraft:broken":{"minecraft:stone_pickaxe":3,"minecraft:shield":1,"minecraft:iron_axe":1,"minecraft:stone_axe":1},"minecraft:mined":{"minecraft:tuff":1,"minecraft:white_bed":8,"minecraft:deepslate_diamond_ore":10,"minecraft:obsidian":17,"minecraft:granite":2,"minecraft:grass_block":5,"minecraft:tall_seagrass":1,"minecraft:furnace":8,"minecraft:iron_ore":131,"minecraft:andesite":1,"minecraft:deepslate_lapis_ore":4,"minecraft:deepslate_iron_ore":54,"minecraft:stone":171,"minecraft:deepslate_redstone_ore":15,"minecraft:crafting_table":18,"minecraft:short_grass":23,"minecraft:cobblestone":22,"minecraft:lapis_ore":14,"minecraft:deepslate_gold_ore":22,"minecraft:sugar_cane":29,"minecraft:diorite":12,"minecraft:wall_torch":3,"minecraft:seagrass":1,"minecraft:birch_log":39,"minecraft:oak_log":36,"minecraft:coal_ore":268,"minecraft:cherry_leaves":3,"minecraft:sand":2,"minecraft:dirt":11,"minecraft:smooth_basalt":1,"minecraft:gold_ore":17,"minecraft:oak_leaves":23,"minecraft:deepslate":19,"minecraft:fern":2},"minecraft:killed_by":{"minecraft:creeper":1,"minecraft:enderman":1,"minecraft:skeleton":3},"minecraft:used":{"minecraft:stone_shovel":4,"minecraft:shield":54,"minecraft:cooked_chicken":6,"minecraft:torch":267,"minecraft:dirt":1,"minecraft:iron_axe":155,"minecraft:birch_sapling":1,"minecraft:iron_helmet":1,"minecraft:furnace":8,"minecraft:oak_sapling":1,"minecraft:egg":3,"minecraft:cooked_mutton":2,"minecraft:water_bucket":31,"minecraft:diorite":2,"minecraft:stone_pickaxe":450,"minecraft:birch_boat":3,"minecraft:wooden_pickaxe":66,"minecraft:salmon":1,"minecraft:glow_berries":8,"minecraft:crafting_table":18,"minecraft:white_bed":8,"minecraft:diamond_pickaxe":18,"minecraft:iron_pickaxe":257,"minecraft:stone_axe":174,"minecraft:cobblestone":103,"minecraft:cooked_porkchop":16,"minecraft:bucket":32,"minecraft:oak_boat":7},"minecraft:custom":{"minecraft:mob_kills":93,"minecraft:interact_with_crafting_table":40,"minecraft:leave_game":5,"minecraft:time_since_death":24729,"minecraft:climb_one_cm":1750,"minecraft:sprint_one_cm":344096,"minecraft:walk_one_cm":816841,"minecraft:damage_blocked_by_shield":2898,"minecraft:drop":32,"minecraft:play_time":175996,"minecraft:deaths":6,"minecraft:sneak_time":4577,"minecraft:walk_under_water_one_cm":28381,"minecraft:boat_one_cm":476231,"minecraft:jump":2224,"minecraft:walk_on_water_one_cm":48057,"minecraft:total_world_time":175996,"minecraft:interact_with_furnace":76,"minecraft:sleep_in_bed":7,"minecraft:time_since_rest":2165,"minecraft:damage_taken":3403,"minecraft:damage_dealt":15655,"minecraft:swim_one_cm":126900,"minecraft:fly_one_cm":250937,"minecraft:open_chest":10,"minecraft:crouch_one_cm":12428,"minecraft:interact_with_smoker":1,"minecraft:fall_one_cm":33331},"minecraft:crafted":{"minecraft:oak_planks":128,"minecraft:stone_shovel":2,"minecraft:birch_boat":1,"minecraft:cooked_chicken":6,"minecraft:furnace":2,"minecraft:cooked_mutton":6,"minecraft:iron_boots":1,"minecraft:iron_axe":2,"minecraft:stone_pickaxe":4,"minecraft:cooked_porkchop":23,"minecraft:crafting_table":2,"minecraft:wooden_pickaxe":2,"minecraft:iron_helmet":1,"minecraft:bucket":1,"minecraft:birch_planks":12,"minecraft:stone_axe":4,"minecraft:air":0,"minecraft:oak_boat":2,"minecraft:iron_chestplate":2,"minecraft:diamond_pickaxe":1,"minecraft:shield":3,"minecraft:stick":116,"minecraft:iron_ingot":55,"minecraft:iron_pickaxe":2,"minecraft:iron_leggings":1,"minecraft:white_bed":2,"minecraft:torch":316},"minecraft:dropped":{"minecraft:water_bucket":1,"minecraft:birch_planks":1,"minecraft:wheat_seeds":1,"minecraft:lapis_lazuli":4,"minecraft:granite":3,"minecraft:rail":2,"minecraft:coal":1,"minecraft:dirt":14,"minecraft:diorite":4,"minecraft:string":2,"minecraft:smooth_basalt":1,"minecraft:cobbled_deepslate":18,"minecraft:rotten_flesh":18,"minecraft:oak_planks":1,"minecraft:filled_map":1,"minecraft:andesite":1,"minecraft:bow":1,"minecraft:wooden_pickaxe":2},"minecraft:picked_up":{"minecraft:crafting_table":18,"minecraft:chicken":6,"minecraft:string":4,"minecraft:cobbled_deepslate":21,"minecraft:beef":2,"minecraft:oak_boat":6,"minecraft:sugar_cane":70,"minecraft:birch_sapling":1,"minecraft:egg":3,"minecraft:furnace":8,"minecraft:raw_iron":211,"minecraft:torch":7,"minecraft:porkchop":23,"minecraft:diorite":6,"minecraft:redstone":66,"minecraft:arrow":6,"minecraft:rotten_flesh":33,"minecraft:mutton":6,"minecraft:obsidian":16,"minecraft:white_wool":6,"minecraft:rail":2,"minecraft:cobblestone":192,"minecraft:birch_log":39,"minecraft:feather":4,"minecraft:salmon":1,"minecraft:water_bucket":1,"minecraft:andesite":1,"minecraft:leather":2,"minecraft:oak_log":36,"minecraft:gunpowder":7,"minecraft:lapis_lazuli":133,"minecraft:dirt":15,"minecraft:bone":12,"minecraft:bow":1,"minecraft:wheat_seeds":1,"minecraft:raw_gold":39,"minecraft:iron_ingot":2,"minecraft:smooth_basalt":1,"minecraft:birch_boat":3,"minecraft:white_bed":8,"minecraft:spider_eye":1,"minecraft:diamond":10,"minecraft:granite":3,"minecraft:cherry_sapling":1,"minecraft:oak_sapling":1,"minecraft:coal":286},"minecraft:killed":{"minecraft:spider":5,"minecraft:skeleton":11,"minecraft:chicken":6,"minecraft:pig":13,"minecraft:creeper":7,"minecraft:sheep":6,"minecraft:zombie":43,"minecraft:cow":1}},"DataVersion":3953}