{"stats":{"minecraft:mined":{"minecraft:deepslate_redstone_ore":15,"minecraft:tuff":1,"minecraft:white_bed":6,"minecraft:deepslate_diamond_ore":10,"minecraft:obsidian":17,"minecraft:crafting_table":17,"minecraft:granite":2,"minecraft:short_grass":19,"minecraft:grass_block":4,"minecraft:cobblestone":22,"minecraft:lapis_ore":14,"minecraft:deepslate_gold_ore":22,"minecraft:sugar_cane":18,"minecraft:diorite":12,"minecraft:wall_torch":3,"minecraft:seagrass":1,"minecraft:furnace":7,"minecraft:birch_log":39,"minecraft:iron_ore":131,"minecraft:andesite":1,"minecraft:deepslate_lapis_ore":4,"minecraft:oak_log":36,"minecraft:coal_ore":268,"minecraft:deepslate_iron_ore":54,"minecraft:cherry_leaves":3,"minecraft:sand":2,"minecraft:dirt":11,"minecraft:smooth_basalt":1,"minecraft:stone":171,"minecraft:gold_ore":17,"minecraft:oak_leaves":20,"minecraft:deepslate":19},"minecraft:broken":{"minecraft:stone_pickaxe":3,"minecraft:shield":1,"minecraft:iron_axe":1,"minecraft:stone_axe":1},"minecraft:killed_by":{"minecraft:skeleton":3,"minecraft:creeper":1,"minecraft:enderman":1},"minecraft:custom":{"minecraft:interact_with_furnace":74,"minecraft:mob_kills":93,"minecraft:interact_with_crafting_table":40,"minecraft:leave_game":4,"minecraft:time_since_death":5482,"minecraft:sleep_in_bed":5,"minecraft:time_since_rest":5529,"minecraft:sprint_one_cm":265754,"minecraft:damage_taken":3219,"minecraft:walk_one_cm":759672,"minecraft:damage_blocked_by_shield":2778,"minecraft:drop":30,"minecraft:damage_dealt":15655,"minecraft:swim_one_cm":117875,"minecraft:fly_one_cm":187315,"minecraft:open_chest":9,"minecraft:crouch_one_cm":12123,"minecraft:play_time":156749,"minecraft:sneak_time":4520,"minecraft:deaths":6,"minecraft:walk_under_water_one_cm":26131,"minecraft:boat_one_cm":335785,"minecraft:jump":1833,"minecraft:walk_on_water_one_cm":43252,"minecraft:total_world_time":156749,"minecraft:fall_one_cm":26471},"minecraft:used":{"minecraft:cooked_mutton":2,"minecraft:water_bucket":24,"minecraft:diorite":2,"minecraft:stone_pickaxe":450,"minecraft:stone_shovel":4,"minecraft:wooden_pickaxe":66,"minecraft:shield":53,"minecraft:cooked_chicken":6,"minecraft:salmon":1,"minecraft:torch":267,"minecraft:glow_berries":8,"minecraft:dirt":1,"minecraft:crafting_table":18,"minecraft:white_bed":6,"minecraft:diamond_pickaxe":18,"minecraft:iron_axe":155,"minecraft:birch_sapling":1,"minecraft:iron_pickaxe":256,"minecraft:iron_helmet":1,"minecraft:stone_axe":173,"minecraft:cobblestone":103,"minecraft:oak_sapling":1,"minecraft:furnace":8,"minecraft:cooked_porkchop":13,"minecraft:bucket":25,"minecraft:oak_boat":7,"minecraft:egg":2},"minecraft:dropped":{"minecraft:wheat_seeds":1,"minecraft:lapis_lazuli":4,"minecraft:cobbled_deepslate":18,"minecraft:rotten_flesh":18,"minecraft:oak_planks":1,"minecraft:granite":3,"minecraft:rail":2,"minecraft:coal":1,"minecraft:filled_map":1,"minecraft:dirt":14,"minecraft:diorite":4,"minecraft:andesite":1,"minecraft:bow":1,"minecraft:wooden_pickaxe":2,"minecraft:string":2,"minecraft:smooth_basalt":1},"minecraft:crafted":{"minecraft:oak_planks":128,"minecraft:stone_shovel":2,"minecraft:cooked_porkchop":21,"minecraft:crafting_table":2,"minecraft:birch_boat":1,"minecraft:iron_helmet":1,"minecraft:cooked_chicken":6,"minecraft:wooden_pickaxe":2,"minecraft:furnace":2,"minecraft:bucket":1,"minecraft:birch_planks":12,"minecraft:stone_axe":4,"minecraft:cooked_mutton":6,"minecraft:air":0,"minecraft:oak_boat":2,"minecraft:diamond_pickaxe":1,"minecraft:iron_boots":1,"minecraft:iron_chestplate":2,"minecraft:shield":3,"minecraft:iron_axe":2,"minecraft:stick":112,"minecraft:iron_ingot":55,"minecraft:iron_pickaxe":2,"minecraft:stone_pickaxe":4,"minecraft:iron_leggings":1,"minecraft:white_bed":2,"minecraft:torch":300},"minecraft:picked_up":{"minecraft:birch_log":39,"minecraft:crafting_table":17,"minecraft:feather":4,"minecraft:chicken":6,"minecraft:andesite":1,"minecraft:salmon":1,"minecraft:leather":2,"minecraft:oak_log":36,"minecraft:gunpowder":7,"minecraft:lapis_lazuli":133,"minecraft:dirt":15,"minecraft:string":4,"minecraft:bone":12,"minecraft:bow":1,"minecraft:wheat_seeds":1,"minecraft:cobbled_deepslate":21,"minecraft:raw_gold":39,"minecraft:iron_ingot":2,"minecraft:beef":2,"minecraft:oak_boat":6,"minecraft:sugar_cane":41,"minecraft:birch_sapling":1,"minecraft:furnace":7,"minecraft:egg":2,"minecraft:raw_iron":211,"minecraft:smooth_basalt":1,"minecraft:torch":7,"minecraft:porkchop":23,"minecraft:diorite":6,"minecraft:white_bed":6,"minecraft:redstone":66,"minecraft:spider_eye":1,"minecraft:arrow":6,"minecraft:rotten_flesh":33,"minecraft:diamond":10,"minecraft:granite":3,"minecraft:cherry_sapling":1,"minecraft:obsidian":16,"minecraft:oak_sapling":1,"minecraft:mutton":6,"minecraft:white_wool":6,"minecraft:coal":286,"minecraft:rail":2,"minecraft:cobblestone":192},"minecraft:killed":{"minecraft:pig":13,"minecraft:spider":5,"minecraft:creeper":7,"minecraft:sheep":6,"minecraft:skeleton":11,"minecraft:zombie":43,"minecraft:chicken":6,"minecraft:cow":1}},"DataVersion":3953}