{"stats":{"minecraft:mined":{"minecraft:deepslate_redstone_ore":12,"minecraft:white_bed":4,"minecraft:crafting_table":13,"minecraft:granite":2,"minecraft:short_grass":16,"minecraft:grass_block":4,"minecraft:cobblestone":22,"minecraft:lapis_ore":14,"minecraft:deepslate_gold_ore":1,"minecraft:sugar_cane":8,"minecraft:diorite":11,"minecraft:wall_torch":2,"minecraft:furnace":7,"minecraft:iron_ore":130,"minecraft:andesite":1,"minecraft:deepslate_lapis_ore":1,"minecraft:oak_log":36,"minecraft:coal_ore":268,"minecraft:deepslate_iron_ore":24,"minecraft:dirt":11,"minecraft:smooth_basalt":1,"minecraft:stone":170,"minecraft:gold_ore":17,"minecraft:deepslate":3,"minecraft:oak_leaves":16},"minecraft:broken":{"minecraft:stone_pickaxe":3,"minecraft:stone_axe":1},"minecraft:killed_by":{"minecraft:skeleton":3,"minecraft:creeper":1},"minecraft:used":{"minecraft:water_bucket":7,"minecraft:diorite":2,"minecraft:stone_shovel":1,"minecraft:stone_pickaxe":450,"minecraft:shield":41,"minecraft:wooden_pickaxe":66,"minecraft:salmon":1,"minecraft:torch":230,"minecraft:glow_berries":8,"minecraft:dirt":1,"minecraft:crafting_table":13,"minecraft:white_bed":4,"minecraft:iron_axe":91,"minecraft:iron_pickaxe":169,"minecraft:iron_helmet":1,"minecraft:stone_axe":141,"minecraft:cobblestone":103,"minecraft:oak_sapling":1,"minecraft:furnace":7,"minecraft:cooked_porkchop":11,"minecraft:bucket":8,"minecraft:oak_boat":4,"minecraft:egg":2},"minecraft:custom":{"minecraft:interact_with_furnace":68,"minecraft:mob_kills":77,"minecraft:interact_with_crafting_table":34,"minecraft:leave_game":2,"minecraft:time_since_death":74712,"minecraft:sleep_in_bed":3,"minecraft:time_since_rest":54617,"minecraft:sprint_one_cm":123879,"minecraft:damage_taken":2288,"minecraft:walk_one_cm":630741,"minecraft:damage_blocked_by_shield":2110,"minecraft:drop":13,"minecraft:damage_dealt":12672,"minecraft:swim_one_cm":52112,"minecraft:fly_one_cm":83189,"minecraft:crouch_one_cm":7993,"minecraft:play_time":112752,"minecraft:deaths":4,"minecraft:sneak_time":1622,"minecraft:walk_under_water_one_cm":8306,"minecraft:boat_one_cm":224495,"minecraft:jump":1184,"minecraft:walk_on_water_one_cm":27279,"minecraft:total_world_time":112752,"minecraft:fall_one_cm":13957},"minecraft:dropped":{"minecraft:rotten_flesh":16,"minecraft:granite":1,"minecraft:rail":2,"minecraft:dirt":14,"minecraft:diorite":1,"minecraft:andesite":1,"minecraft:wooden_pickaxe":2,"minecraft:smooth_basalt":1},"minecraft:crafted":{"minecraft:oak_planks":128,"minecraft:stone_shovel":2,"minecraft:cooked_porkchop":17,"minecraft:crafting_table":2,"minecraft:iron_helmet":1,"minecraft:cooked_chicken":6,"minecraft:wooden_pickaxe":2,"minecraft:furnace":2,"minecraft:bucket":1,"minecraft:stone_axe":4,"minecraft:cooked_mutton":6,"minecraft:air":0,"minecraft:oak_boat":2,"minecraft:iron_boots":1,"minecraft:iron_chestplate":2,"minecraft:shield":2,"minecraft:iron_axe":1,"minecraft:stick":96,"minecraft:iron_ingot":55,"minecraft:iron_pickaxe":2,"minecraft:stone_pickaxe":4,"minecraft:iron_leggings":1,"minecraft:white_bed":2,"minecraft:torch":264},"minecraft:picked_up":{"minecraft:crafting_table":13,"minecraft:feather":4,"minecraft:chicken":6,"minecraft:andesite":1,"minecraft:salmon":1,"minecraft:leather":2,"minecraft:oak_log":36,"minecraft:gunpowder":5,"minecraft:lapis_lazuli":115,"minecraft:dirt":15,"minecraft:string":4,"minecraft:bone":8,"minecraft:bow":1,"minecraft:cobbled_deepslate":3,"minecraft:raw_gold":18,"minecraft:iron_ingot":1,"minecraft:beef":2,"minecraft:oak_boat":4,"minecraft:sugar_cane":18,"minecraft:egg":2,"minecraft:furnace":7,"minecraft:raw_iron":180,"minecraft:smooth_basalt":1,"minecraft:torch":3,"minecraft:porkchop":17,"minecraft:diorite":5,"minecraft:white_bed":4,"minecraft:redstone":52,"minecraft:spider_eye":1,"minecraft:arrow":6,"minecraft:rotten_flesh":31,"minecraft:granite":3,"minecraft:oak_sapling":1,"minecraft:mutton":6,"minecraft:coal":286,"minecraft:rail":2,"minecraft:white_wool":6,"minecraft:cobblestone":192},"minecraft:killed":{"minecraft:pig":9,"minecraft:spider":5,"minecraft:creeper":5,"minecraft:sheep":6,"minecraft:skeleton":8,"minecraft:zombie":36,"minecraft:chicken":6,"minecraft:cow":1}},"DataVersion":3953}