{"stats":{"minecraft:mined":{"minecraft:deepslate_redstone_ore":6,"minecraft:white_bed":4,"minecraft:crafting_table":12,"minecraft:short_grass":16,"minecraft:grass_block":4,"minecraft:cobblestone":22,"minecraft:lapis_ore":9,"minecraft:deepslate_gold_ore":1,"minecraft:sugar_cane":8,"minecraft:diorite":9,"minecraft:wall_torch":2,"minecraft:furnace":6,"minecraft:iron_ore":77,"minecraft:deepslate_lapis_ore":1,"minecraft:oak_log":36,"minecraft:coal_ore":258,"minecraft:deepslate_iron_ore":17,"minecraft:dirt":11,"minecraft:smooth_basalt":1,"minecraft:stone":163,"minecraft:gold_ore":7,"minecraft:deepslate":3,"minecraft:oak_leaves":16},"minecraft:broken":{"minecraft:stone_pickaxe":3},"minecraft:killed_by":{"minecraft:skeleton":3,"minecraft:creeper":1},"minecraft:used":{"minecraft:water_bucket":1,"minecraft:diorite":2,"minecraft:stone_pickaxe":450,"minecraft:shield":5,"minecraft:wooden_pickaxe":66,"minecraft:salmon":1,"minecraft:torch":132,"minecraft:dirt":1,"minecraft:crafting_table":12,"minecraft:white_bed":4,"minecraft:iron_pickaxe":65,"minecraft:iron_helmet":1,"minecraft:stone_axe":118,"minecraft:cobblestone":81,"minecraft:oak_sapling":1,"minecraft:furnace":6,"minecraft:cooked_porkchop":4,"minecraft:bucket":2,"minecraft:oak_boat":4,"minecraft:egg":2},"minecraft:custom":{"minecraft:interact_with_furnace":63,"minecraft:mob_kills":43,"minecraft:interact_with_crafting_table":31,"minecraft:leave_game":2,"minecraft:time_since_death":50712,"minecraft:sleep_in_bed":3,"minecraft:time_since_rest":30617,"minecraft:sprint_one_cm":100185,"minecraft:damage_taken":1383,"minecraft:walk_one_cm":444605,"minecraft:damage_blocked_by_shield":291,"minecraft:drop":7,"minecraft:damage_dealt":6035,"minecraft:swim_one_cm":43299,"minecraft:fly_one_cm":74686,"minecraft:crouch_one_cm":4512,"minecraft:play_time":88752,"minecraft:deaths":4,"minecraft:sneak_time":1012,"minecraft:walk_under_water_one_cm":5234,"minecraft:boat_one_cm":224495,"minecraft:jump":914,"minecraft:walk_on_water_one_cm":19511,"minecraft:total_world_time":88752,"minecraft:fall_one_cm":10828},"minecraft:dropped":{"minecraft:rail":2,"minecraft:dirt":2,"minecraft:diorite":1,"minecraft:wooden_pickaxe":2},"minecraft:crafted":{"minecraft:oak_planks":128,"minecraft:stone_shovel":2,"minecraft:cooked_porkchop":17,"minecraft:crafting_table":2,"minecraft:iron_helmet":1,"minecraft:cooked_chicken":6,"minecraft:wooden_pickaxe":2,"minecraft:furnace":2,"minecraft:bucket":1,"minecraft:stone_axe":4,"minecraft:cooked_mutton":6,"minecraft:air":0,"minecraft:oak_boat":2,"minecraft:iron_boots":1,"minecraft:iron_chestplate":2,"minecraft:shield":2,"minecraft:stick":68,"minecraft:iron_ingot":47,"minecraft:iron_pickaxe":2,"minecraft:stone_pickaxe":4,"minecraft:iron_leggings":1,"minecraft:white_bed":2,"minecraft:torch":160},"minecraft:picked_up":{"minecraft:crafting_table":12,"minecraft:feather":4,"minecraft:chicken":6,"minecraft:salmon":1,"minecraft:leather":2,"minecraft:oak_log":36,"minecraft:gunpowder":5,"minecraft:lapis_lazuli":73,"minecraft:dirt":15,"minecraft:string":2,"minecraft:bone":2,"minecraft:bow":1,"minecraft:cobbled_deepslate":3,"minecraft:raw_gold":8,"minecraft:beef":2,"minecraft:oak_boat":4,"minecraft:sugar_cane":18,"minecraft:egg":2,"minecraft:furnace":6,"minecraft:raw_iron":94,"minecraft:smooth_basalt":1,"minecraft:torch":2,"minecraft:porkchop":17,"minecraft:diorite":3,"minecraft:white_bed":4,"minecraft:redstone":27,"minecraft:spider_eye":1,"minecraft:arrow":1,"minecraft:rotten_flesh":16,"minecraft:oak_sapling":1,"minecraft:mutton":6,"minecraft:coal":276,"minecraft:rail":2,"minecraft:white_wool":6,"minecraft:cobblestone":187},"minecraft:killed":{"minecraft:pig":9,"minecraft:spider":2,"minecraft:creeper":5,"minecraft:sheep":6,"minecraft:skeleton":2,"minecraft:zombie":11,"minecraft:chicken":6,"minecraft:cow":1}},"DataVersion":3953}