{"stats":{"minecraft:mined":{"minecraft:short_grass":1,"minecraft:grass_block":1,"minecraft:oak_log":20,"minecraft:dirt":2,"minecraft:stone":33,"minecraft:crafting_table":1,"minecraft:oak_leaves":4},"minecraft:killed_by":{"minecraft:skeleton":3},"minecraft:used":{"minecraft:stone_axe":1,"minecraft:dirt":1,"minecraft:crafting_table":1,"minecraft:wooden_pickaxe":33},"minecraft:custom":{"minecraft:time_since_rest":5042,"minecraft:walk_one_cm":26950,"minecraft:crouch_one_cm":198,"minecraft:play_time":7609,"minecraft:sprint_one_cm":25415,"minecraft:damage_taken":840,"minecraft:deaths":3,"minecraft:sneak_time":23,"minecraft:walk_under_water_one_cm":142,"minecraft:mob_kills":1,"minecraft:drop":3,"minecraft:jump":89,"minecraft:damage_dealt":37,"minecraft:leave_game":1,"minecraft:walk_on_water_one_cm":134,"minecraft:time_since_death":5018,"minecraft:total_world_time":7609,"minecraft:swim_one_cm":1350,"minecraft:interact_with_crafting_table":2,"minecraft:fall_one_cm":1237,"minecraft:fly_one_cm":18802},"minecraft:crafted":{"minecraft:oak_planks":64,"minecraft:stone_shovel":1,"minecraft:stone_axe":2,"minecraft:crafting_table":1,"minecraft:stick":12,"minecraft:stone_pickaxe":1,"minecraft:wooden_pickaxe":1},"minecraft:dropped":{"minecraft:dirt":2,"minecraft:wooden_pickaxe":1},"minecraft:picked_up":{"minecraft:crafting_table":1,"minecraft:rotten_flesh":2,"minecraft:oak_log":20,"minecraft:dirt":3,"minecraft:cobblestone":33}},"DataVersion":3953}