{"stats":{"minecraft:mined":{"minecraft:iron_ore":1,"minecraft:crafting_table":2,"minecraft:coal_ore":5,"minecraft:short_grass":3,"minecraft:grass_block":1,"minecraft:oak_log":20,"minecraft:dirt":2,"minecraft:stone":39,"minecraft:sugar_cane":3,"minecraft:oak_leaves":4},"minecraft:killed_by":{"minecraft:skeleton":3},"minecraft:used":{"minecraft:stone_pickaxe":12,"minecraft:wooden_pickaxe":33,"minecraft:torch":1,"minecraft:stone_axe":23,"minecraft:salmon":1,"minecraft:dirt":1,"minecraft:crafting_table":3,"minecraft:furnace":1,"minecraft:white_bed":1,"minecraft:oak_boat":3},"minecraft:custom":{"minecraft:time_since_rest":0,"minecraft:interact_with_furnace":5,"minecraft:sprint_one_cm":38589,"minecraft:damage_taken":960,"minecraft:walk_one_cm":56668,"minecraft:mob_kills":10,"minecraft:drop":3,"minecraft:damage_dealt":1277,"minecraft:swim_one_cm":3490,"minecraft:interact_with_crafting_table":8,"minecraft:fly_one_cm":31128,"minecraft:crouch_one_cm":321,"minecraft:play_time":17115,"minecraft:deaths":3,"minecraft:sneak_time":52,"minecraft:walk_under_water_one_cm":3212,"minecraft:boat_one_cm":114676,"minecraft:jump":177,"minecraft:walk_on_water_one_cm":4809,"minecraft:leave_game":1,"minecraft:time_since_death":14524,"minecraft:sleep_in_bed":1,"minecraft:total_world_time":17115,"minecraft:fall_one_cm":2493},"minecraft:crafted":{"minecraft:oak_boat":1,"minecraft:oak_planks":64,"minecraft:stone_shovel":1,"minecraft:cooked_porkchop":7,"minecraft:crafting_table":1,"minecraft:stick":12,"minecraft:wooden_pickaxe":1,"minecraft:stone_pickaxe":1,"minecraft:furnace":1,"minecraft:white_bed":1,"minecraft:torch":4,"minecraft:stone_axe":2,"minecraft:air":0},"minecraft:dropped":{"minecraft:dirt":2,"minecraft:wooden_pickaxe":1},"minecraft:picked_up":{"minecraft:raw_iron":1,"minecraft:crafting_table":2,"minecraft:salmon":1,"minecraft:porkchop":7,"minecraft:oak_log":20,"minecraft:spider_eye":1,"minecraft:string":2,"minecraft:dirt":3,"minecraft:rotten_flesh":3,"minecraft:oak_boat":3,"minecraft:sugar_cane":6,"minecraft:mutton":3,"minecraft:coal":5,"minecraft:white_wool":3,"minecraft:cobblestone":39},"minecraft:killed":{"minecraft:sheep":3,"minecraft:zombie":1,"minecraft:pig":3,"minecraft:spider":2}},"DataVersion":3953}