{"stats":{"minecraft:mined":{"minecraft:white_bed":2,"minecraft:furnace":1,"minecraft:iron_ore":15,"minecraft:crafting_table":3,"minecraft:coal_ore":95,"minecraft:short_grass":3,"minecraft:grass_block":1,"minecraft:oak_log":20,"minecraft:dirt":2,"minecraft:cobblestone":8,"minecraft:stone":61,"minecraft:sugar_cane":3,"minecraft:oak_leaves":4},"minecraft:broken":{"minecraft:stone_pickaxe":1},"minecraft:killed_by":{"minecraft:skeleton":3},"minecraft:used":{"minecraft:stone_pickaxe":147,"minecraft:wooden_pickaxe":33,"minecraft:torch":16,"minecraft:stone_axe":46,"minecraft:salmon":1,"minecraft:dirt":1,"minecraft:cobblestone":37,"minecraft:crafting_table":4,"minecraft:furnace":2,"minecraft:cooked_porkchop":2,"minecraft:white_bed":2,"minecraft:oak_boat":3},"minecraft:custom":{"minecraft:time_since_rest":9872,"minecraft:interact_with_furnace":10,"minecraft:sprint_one_cm":41388,"minecraft:damage_taken":1050,"minecraft:walk_one_cm":121515,"minecraft:mob_kills":17,"minecraft:drop":3,"minecraft:damage_dealt":2719,"minecraft:swim_one_cm":3490,"minecraft:interact_with_crafting_table":10,"minecraft:fly_one_cm":32192,"minecraft:crouch_one_cm":1368,"minecraft:play_time":29115,"minecraft:deaths":3,"minecraft:sneak_time":361,"minecraft:walk_under_water_one_cm":3212,"minecraft:boat_one_cm":114676,"minecraft:jump":291,"minecraft:walk_on_water_one_cm":4809,"minecraft:leave_game":1,"minecraft:time_since_death":26524,"minecraft:sleep_in_bed":2,"minecraft:total_world_time":29115,"minecraft:fall_one_cm":2971},"minecraft:crafted":{"minecraft:oak_boat":1,"minecraft:oak_planks":64,"minecraft:stone_shovel":1,"minecraft:cooked_porkchop":7,"minecraft:shield":1,"minecraft:crafting_table":1,"minecraft:stick":24,"minecraft:iron_ingot":4,"minecraft:wooden_pickaxe":1,"minecraft:stone_pickaxe":2,"minecraft:furnace":1,"minecraft:white_bed":1,"minecraft:torch":40,"minecraft:stone_axe":2,"minecraft:cooked_mutton":3,"minecraft:air":0},"minecraft:dropped":{"minecraft:dirt":2,"minecraft:wooden_pickaxe":1},"minecraft:picked_up":{"minecraft:raw_iron":15,"minecraft:crafting_table":3,"minecraft:salmon":1,"minecraft:leather":2,"minecraft:porkchop":7,"minecraft:oak_log":20,"minecraft:white_bed":2,"minecraft:gunpowder":1,"minecraft:spider_eye":1,"minecraft:string":2,"minecraft:dirt":3,"minecraft:rotten_flesh":8,"minecraft:beef":2,"minecraft:oak_boat":3,"minecraft:sugar_cane":6,"minecraft:mutton":3,"minecraft:coal":95,"minecraft:white_wool":3,"minecraft:cobblestone":69,"minecraft:furnace":1},"minecraft:killed":{"minecraft:sheep":3,"minecraft:zombie":5,"minecraft:pig":3,"minecraft:spider":2,"minecraft:creeper":2,"minecraft:cow":1}},"DataVersion":3953}