{"stats":{"minecraft:mined":{"minecraft:deepslate_redstone_ore":15,"minecraft:tuff":1,"minecraft:white_bed":6,"minecraft:deepslate_diamond_ore":10,"minecraft:obsidian":17,"minecraft:crafting_table":17,"minecraft:granite":2,"minecraft:short_grass":19,"minecraft:grass_block":4,"minecraft:cobblestone":22,"minecraft:lapis_ore":14,"minecraft:deepslate_gold_ore":22,"minecraft:sugar_cane":15,"minecraft:diorite":12,"minecraft:wall_torch":3,"minecraft:furnace":7,"minecraft:birch_log":39,"minecraft:iron_ore":131,"minecraft:andesite":1,"minecraft:deepslate_lapis_ore":4,"minecraft:oak_log":36,"minecraft:coal_ore":268,"minecraft:deepslate_iron_ore":54,"minecraft:dirt":11,"minecraft:smooth_basalt":1,"minecraft:stone":171,"minecraft:gold_ore":17,"minecraft:oak_leaves":16,"minecraft:deepslate":19},"minecraft:broken":{"minecraft:stone_pickaxe":3,"minecraft:shield":1,"minecraft:iron_axe":1,"minecraft:stone_axe":1},"minecraft:killed_by":{"minecraft:skeleton":3,"minecraft:creeper":1,"minecraft:enderman":1},"minecraft:custom":{"minecraft:interact_with_furnace":68,"minecraft:mob_kills":89,"minecraft:interact_with_crafting_table":39,"minecraft:leave_game":3,"minecraft:time_since_death":22612,"minecraft:sleep_in_bed":5,"minecraft:time_since_rest":889,"minecraft:sprint_one_cm":220150,"minecraft:damage_taken":2849,"minecraft:walk_one_cm":735454,"minecraft:damage_blocked_by_shield":2778,"minecraft:drop":26,"minecraft:damage_dealt":15255,"minecraft:swim_one_cm":62136,"minecraft:fly_one_cm":145862,"minecraft:crouch_one_cm":12123,"minecraft:play_time":144304,"minecraft:sneak_time":4229,"minecraft:deaths":5,"minecraft:walk_under_water_one_cm":10587,"minecraft:boat_one_cm":305634,"minecraft:jump":1637,"minecraft:walk_on_water_one_cm":35301,"minecraft:total_world_time":144304,"minecraft:fall_one_cm":20460},"minecraft:used":{"minecraft:cooked_mutton":1,"minecraft:water_bucket":24,"minecraft:diorite":2,"minecraft:stone_pickaxe":450,"minecraft:stone_shovel":1,"minecraft:wooden_pickaxe":66,"minecraft:shield":53,"minecraft:cooked_chicken":4,"minecraft:salmon":1,"minecraft:torch":260,"minecraft:glow_berries":8,"minecraft:dirt":1,"minecraft:crafting_table":17,"minecraft:white_bed":6,"minecraft:diamond_pickaxe":18,"minecraft:iron_axe":155,"minecraft:birch_sapling":1,"minecraft:iron_pickaxe":256,"minecraft:iron_helmet":1,"minecraft:stone_axe":165,"minecraft:cobblestone":103,"minecraft:oak_sapling":1,"minecraft:furnace":7,"minecraft:cooked_porkchop":12,"minecraft:bucket":25,"minecraft:oak_boat":6,"minecraft:egg":2},"minecraft:dropped":{"minecraft:wheat_seeds":1,"minecraft:cobbled_deepslate":17,"minecraft:rotten_flesh":16,"minecraft:oak_planks":1,"minecraft:granite":3,"minecraft:rail":2,"minecraft:coal":1,"minecraft:dirt":14,"minecraft:diorite":4,"minecraft:andesite":1,"minecraft:bow":1,"minecraft:wooden_pickaxe":2,"minecraft:string":2,"minecraft:smooth_basalt":1},"minecraft:crafted":{"minecraft:oak_planks":128,"minecraft:stone_shovel":2,"minecraft:cooked_porkchop":17,"minecraft:crafting_table":2,"minecraft:iron_helmet":1,"minecraft:cooked_chicken":6,"minecraft:wooden_pickaxe":2,"minecraft:furnace":2,"minecraft:bucket":1,"minecraft:birch_planks":4,"minecraft:stone_axe":4,"minecraft:cooked_mutton":6,"minecraft:air":0,"minecraft:oak_boat":2,"minecraft:diamond_pickaxe":1,"minecraft:iron_boots":1,"minecraft:iron_chestplate":2,"minecraft:shield":3,"minecraft:iron_axe":2,"minecraft:stick":112,"minecraft:iron_ingot":55,"minecraft:iron_pickaxe":2,"minecraft:stone_pickaxe":4,"minecraft:iron_leggings":1,"minecraft:white_bed":2,"minecraft:torch":296},"minecraft:picked_up":{"minecraft:birch_log":39,"minecraft:crafting_table":17,"minecraft:feather":4,"minecraft:chicken":6,"minecraft:andesite":1,"minecraft:salmon":1,"minecraft:leather":2,"minecraft:oak_log":36,"minecraft:gunpowder":7,"minecraft:lapis_lazuli":133,"minecraft:dirt":15,"minecraft:string":4,"minecraft:bone":12,"minecraft:bow":1,"minecraft:wheat_seeds":1,"minecraft:cobbled_deepslate":21,"minecraft:raw_gold":39,"minecraft:iron_ingot":2,"minecraft:beef":2,"minecraft:oak_boat":6,"minecraft:sugar_cane":34,"minecraft:birch_sapling":1,"minecraft:furnace":7,"minecraft:egg":2,"minecraft:raw_iron":211,"minecraft:smooth_basalt":1,"minecraft:torch":4,"minecraft:porkchop":17,"minecraft:diorite":6,"minecraft:white_bed":6,"minecraft:redstone":66,"minecraft:spider_eye":1,"minecraft:arrow":6,"minecraft:rotten_flesh":33,"minecraft:diamond":10,"minecraft:granite":3,"minecraft:obsidian":16,"minecraft:oak_sapling":1,"minecraft:mutton":6,"minecraft:white_wool":6,"minecraft:coal":286,"minecraft:rail":2,"minecraft:cobblestone":192},"minecraft:killed":{"minecraft:pig":9,"minecraft:spider":5,"minecraft:creeper":7,"minecraft:sheep":6,"minecraft:skeleton":11,"minecraft:zombie":43,"minecraft:chicken":6,"minecraft:cow":1}},"DataVersion":3953}