{"stats":{"minecraft:mined":{"minecraft:deepslate_redstone_ore":6,"minecraft:white_bed":2,"minecraft:crafting_table":5,"minecraft:short_grass":3,"minecraft:grass_block":1,"minecraft:cobblestone":11,"minecraft:lapis_ore":8,"minecraft:deepslate_gold_ore":1,"minecraft:sugar_cane":3,"minecraft:diorite":1,"minecraft:wall_torch":1,"minecraft:furnace":2,"minecraft:iron_ore":21,"minecraft:deepslate_lapis_ore":1,"minecraft:oak_log":36,"minecraft:coal_ore":95,"minecraft:deepslate_iron_ore":17,"minecraft:dirt":2,"minecraft:stone":62,"minecraft:gold_ore":7,"minecraft:deepslate":3,"minecraft:oak_leaves":15},"minecraft:broken":{"minecraft:stone_pickaxe":1},"minecraft:killed_by":{"minecraft:skeleton":3,"minecraft:creeper":1},"minecraft:used":{"minecraft:stone_pickaxe":187,"minecraft:wooden_pickaxe":33,"minecraft:salmon":1,"minecraft:torch":49,"minecraft:dirt":1,"minecraft:crafting_table":5,"minecraft:white_bed":2,"minecraft:iron_pickaxe":15,"minecraft:stone_axe":64,"minecraft:cobblestone":47,"minecraft:oak_sapling":1,"minecraft:furnace":2,"minecraft:cooked_porkchop":2,"minecraft:oak_boat":3},"minecraft:custom":{"minecraft:interact_with_furnace":12,"minecraft:mob_kills":22,"minecraft:interact_with_crafting_table":12,"minecraft:leave_game":2,"minecraft:time_since_death":2712,"minecraft:sleep_in_bed":2,"minecraft:time_since_rest":2925,"minecraft:sprint_one_cm":42779,"minecraft:damage_taken":1292,"minecraft:walk_one_cm":188958,"minecraft:drop":4,"minecraft:damage_dealt":3722,"minecraft:swim_one_cm":3674,"minecraft:fly_one_cm":32635,"minecraft:crouch_one_cm":1485,"minecraft:play_time":40752,"minecraft:deaths":4,"minecraft:sneak_time":376,"minecraft:walk_under_water_one_cm":3684,"minecraft:boat_one_cm":114676,"minecraft:jump":466,"minecraft:walk_on_water_one_cm":4856,"minecraft:total_world_time":40752,"minecraft:fall_one_cm":4227},"minecraft:dropped":{"minecraft:dirt":2,"minecraft:diorite":1,"minecraft:wooden_pickaxe":1},"minecraft:crafted":{"minecraft:oak_planks":128,"minecraft:stone_shovel":1,"minecraft:cooked_porkchop":7,"minecraft:crafting_table":2,"minecraft:wooden_pickaxe":1,"minecraft:furnace":1,"minecraft:stone_axe":2,"minecraft:cooked_mutton":3,"minecraft:air":0,"minecraft:oak_boat":1,"minecraft:iron_chestplate":1,"minecraft:shield":1,"minecraft:stick":32,"minecraft:iron_ingot":15,"minecraft:iron_pickaxe":1,"minecraft:stone_pickaxe":2,"minecraft:white_bed":1,"minecraft:torch":72},"minecraft:picked_up":{"minecraft:crafting_table":5,"minecraft:salmon":1,"minecraft:leather":2,"minecraft:oak_log":36,"minecraft:gunpowder":1,"minecraft:lapis_lazuli":65,"minecraft:dirt":3,"minecraft:string":2,"minecraft:cobbled_deepslate":3,"minecraft:raw_gold":8,"minecraft:beef":2,"minecraft:oak_boat":3,"minecraft:sugar_cane":6,"minecraft:furnace":2,"minecraft:raw_iron":38,"minecraft:torch":1,"minecraft:porkchop":7,"minecraft:diorite":1,"minecraft:white_bed":2,"minecraft:redstone":27,"minecraft:spider_eye":1,"minecraft:rotten_flesh":15,"minecraft:oak_sapling":1,"minecraft:mutton":3,"minecraft:coal":95,"minecraft:white_wool":3,"minecraft:cobblestone":73},"minecraft:killed":{"minecraft:pig":3,"minecraft:spider":2,"minecraft:creeper":2,"minecraft:sheep":3,"minecraft:zombie":10,"minecraft:cow":1}},"DataVersion":3953}