{"stats":{"minecraft:mined":{"minecraft:deepslate_redstone_ore":6,"minecraft:white_bed":4,"minecraft:crafting_table":13,"minecraft:granite":2,"minecraft:short_grass":16,"minecraft:grass_block":4,"minecraft:cobblestone":22,"minecraft:lapis_ore":9,"minecraft:deepslate_gold_ore":1,"minecraft:sugar_cane":8,"minecraft:diorite":10,"minecraft:wall_torch":2,"minecraft:furnace":7,"minecraft:iron_ore":103,"minecraft:andesite":1,"minecraft:deepslate_lapis_ore":1,"minecraft:oak_log":36,"minecraft:coal_ore":268,"minecraft:deepslate_iron_ore":17,"minecraft:dirt":11,"minecraft:smooth_basalt":1,"minecraft:stone":168,"minecraft:gold_ore":7,"minecraft:deepslate":3,"minecraft:oak_leaves":16},"minecraft:broken":{"minecraft:stone_pickaxe":3,"minecraft:stone_axe":1},"minecraft:killed_by":{"minecraft:skeleton":3,"minecraft:creeper":1},"minecraft:used":{"minecraft:water_bucket":6,"minecraft:diorite":2,"minecraft:stone_shovel":1,"minecraft:stone_pickaxe":450,"minecraft:shield":8,"minecraft:wooden_pickaxe":66,"minecraft:salmon":1,"minecraft:torch":169,"minecraft:glow_berries":8,"minecraft:dirt":1,"minecraft:crafting_table":13,"minecraft:white_bed":4,"minecraft:iron_pickaxe":111,"minecraft:iron_helmet":1,"minecraft:stone_axe":141,"minecraft:cobblestone":92,"minecraft:oak_sapling":1,"minecraft:furnace":7,"minecraft:cooked_porkchop":6,"minecraft:bucket":7,"minecraft:oak_boat":4,"minecraft:egg":2},"minecraft:custom":{"minecraft:interact_with_furnace":68,"minecraft:mob_kills":49,"minecraft:interact_with_crafting_table":34,"minecraft:leave_game":2,"minecraft:time_since_death":62712,"minecraft:sleep_in_bed":3,"minecraft:time_since_rest":42617,"minecraft:sprint_one_cm":112834,"minecraft:damage_taken":1711,"minecraft:walk_one_cm":531558,"minecraft:damage_blocked_by_shield":426,"minecraft:drop":11,"minecraft:damage_dealt":7097,"minecraft:swim_one_cm":52112,"minecraft:fly_one_cm":75458,"minecraft:crouch_one_cm":7626,"minecraft:play_time":100752,"minecraft:deaths":4,"minecraft:sneak_time":1562,"minecraft:walk_under_water_one_cm":8229,"minecraft:boat_one_cm":224495,"minecraft:jump":1007,"minecraft:walk_on_water_one_cm":22309,"minecraft:total_world_time":100752,"minecraft:fall_one_cm":12245},"minecraft:dropped":{"minecraft:rotten_flesh":6,"minecraft:rail":2,"minecraft:dirt":14,"minecraft:diorite":1,"minecraft:andesite":1,"minecraft:wooden_pickaxe":2,"minecraft:smooth_basalt":1},"minecraft:crafted":{"minecraft:oak_planks":128,"minecraft:stone_shovel":2,"minecraft:cooked_porkchop":17,"minecraft:crafting_table":2,"minecraft:iron_helmet":1,"minecraft:cooked_chicken":6,"minecraft:wooden_pickaxe":2,"minecraft:furnace":2,"minecraft:bucket":1,"minecraft:stone_axe":4,"minecraft:cooked_mutton":6,"minecraft:air":0,"minecraft:oak_boat":2,"minecraft:iron_boots":1,"minecraft:iron_chestplate":2,"minecraft:shield":2,"minecraft:iron_axe":1,"minecraft:stick":80,"minecraft:iron_ingot":55,"minecraft:iron_pickaxe":2,"minecraft:stone_pickaxe":4,"minecraft:iron_leggings":1,"minecraft:white_bed":2,"minecraft:torch":200},"minecraft:picked_up":{"minecraft:crafting_table":13,"minecraft:feather":4,"minecraft:chicken":6,"minecraft:andesite":1,"minecraft:salmon":1,"minecraft:leather":2,"minecraft:oak_log":36,"minecraft:gunpowder":5,"minecraft:lapis_lazuli":73,"minecraft:dirt":15,"minecraft:string":2,"minecraft:bone":2,"minecraft:bow":1,"minecraft:cobbled_deepslate":3,"minecraft:raw_gold":8,"minecraft:iron_ingot":1,"minecraft:beef":2,"minecraft:oak_boat":4,"minecraft:sugar_cane":18,"minecraft:egg":2,"minecraft:furnace":7,"minecraft:raw_iron":146,"minecraft:smooth_basalt":1,"minecraft:torch":2,"minecraft:porkchop":17,"minecraft:diorite":4,"minecraft:white_bed":4,"minecraft:redstone":27,"minecraft:spider_eye":1,"minecraft:arrow":1,"minecraft:rotten_flesh":21,"minecraft:granite":2,"minecraft:oak_sapling":1,"minecraft:mutton":6,"minecraft:coal":286,"minecraft:rail":2,"minecraft:white_wool":6,"minecraft:cobblestone":191},"minecraft:killed":{"minecraft:pig":9,"minecraft:spider":2,"minecraft:creeper":5,"minecraft:sheep":6,"minecraft:skeleton":2,"minecraft:zombie":17,"minecraft:chicken":6,"minecraft:cow":1}},"DataVersion":3953}