{"stats":{"minecraft:mined":{"minecraft:deepslate_redstone_ore":6,"minecraft:white_bed":4,"minecraft:crafting_table":8,"minecraft:short_grass":16,"minecraft:grass_block":4,"minecraft:cobblestone":13,"minecraft:lapis_ore":8,"minecraft:deepslate_gold_ore":1,"minecraft:sugar_cane":8,"minecraft:diorite":7,"minecraft:wall_torch":1,"minecraft:furnace":3,"minecraft:iron_ore":23,"minecraft:deepslate_lapis_ore":1,"minecraft:oak_log":36,"minecraft:coal_ore":147,"minecraft:deepslate_iron_ore":17,"minecraft:dirt":11,"minecraft:stone":105,"minecraft:gold_ore":7,"minecraft:deepslate":3,"minecraft:oak_leaves":16},"minecraft:broken":{"minecraft:stone_pickaxe":1},"minecraft:killed_by":{"minecraft:skeleton":3,"minecraft:creeper":1},"minecraft:used":{"minecraft:stone_pickaxe":260,"minecraft:wooden_pickaxe":66,"minecraft:salmon":1,"minecraft:torch":64,"minecraft:dirt":1,"minecraft:crafting_table":8,"minecraft:white_bed":4,"minecraft:iron_pickaxe":15,"minecraft:stone_axe":98,"minecraft:cobblestone":58,"minecraft:oak_sapling":1,"minecraft:furnace":3,"minecraft:cooked_porkchop":3,"minecraft:oak_boat":4,"minecraft:egg":2},"minecraft:custom":{"minecraft:interact_with_furnace":37,"minecraft:mob_kills":39,"minecraft:interact_with_crafting_table":20,"minecraft:leave_game":2,"minecraft:time_since_death":26712,"minecraft:sleep_in_bed":3,"minecraft:time_since_rest":6617,"minecraft:sprint_one_cm":89883,"minecraft:damage_taken":1352,"minecraft:walk_one_cm":289630,"minecraft:drop":5,"minecraft:damage_dealt":5111,"minecraft:swim_one_cm":43299,"minecraft:fly_one_cm":73248,"minecraft:crouch_one_cm":2394,"minecraft:play_time":64752,"minecraft:deaths":4,"minecraft:sneak_time":650,"minecraft:walk_under_water_one_cm":5234,"minecraft:boat_one_cm":224495,"minecraft:jump":804,"minecraft:walk_on_water_one_cm":17040,"minecraft:total_world_time":64752,"minecraft:fall_one_cm":10828},"minecraft:dropped":{"minecraft:dirt":2,"minecraft:diorite":1,"minecraft:wooden_pickaxe":2},"minecraft:crafted":{"minecraft:oak_planks":128,"minecraft:stone_shovel":2,"minecraft:cooked_porkchop":17,"minecraft:crafting_table":2,"minecraft:cooked_chicken":6,"minecraft:wooden_pickaxe":2,"minecraft:furnace":2,"minecraft:stone_axe":4,"minecraft:cooked_mutton":6,"minecraft:air":0,"minecraft:oak_boat":2,"minecraft:iron_chestplate":1,"minecraft:shield":1,"minecraft:stick":48,"minecraft:iron_ingot":15,"minecraft:iron_pickaxe":1,"minecraft:stone_pickaxe":3,"minecraft:white_bed":2,"minecraft:torch":96},"minecraft:picked_up":{"minecraft:crafting_table":8,"minecraft:feather":4,"minecraft:chicken":6,"minecraft:salmon":1,"minecraft:leather":2,"minecraft:oak_log":36,"minecraft:gunpowder":3,"minecraft:lapis_lazuli":65,"minecraft:dirt":15,"minecraft:string":2,"minecraft:bone":1,"minecraft:cobbled_deepslate":3,"minecraft:raw_gold":8,"minecraft:beef":2,"minecraft:oak_boat":4,"minecraft:sugar_cane":18,"minecraft:egg":2,"minecraft:furnace":3,"minecraft:raw_iron":40,"minecraft:torch":1,"minecraft:porkchop":17,"minecraft:diorite":1,"minecraft:white_bed":4,"minecraft:redstone":27,"minecraft:spider_eye":1,"minecraft:arrow":1,"minecraft:rotten_flesh":15,"minecraft:oak_sapling":1,"minecraft:mutton":6,"minecraft:coal":147,"minecraft:white_wool":6,"minecraft:cobblestone":116},"minecraft:killed":{"minecraft:pig":9,"minecraft:spider":2,"minecraft:creeper":3,"minecraft:sheep":6,"minecraft:skeleton":1,"minecraft:zombie":10,"minecraft:chicken":6,"minecraft:cow":1}},"DataVersion":3953}