{"stats":{"minecraft:mined":{"minecraft:white_bed":1,"minecraft:crafting_table":6,"minecraft:granite":1,"minecraft:short_grass":10,"minecraft:grass_block":33,"minecraft:tall_grass":1,"minecraft:copper_ore":5,"minecraft:cobblestone":3,"minecraft:sugar_cane":4,"minecraft:diorite":12,"minecraft:furnace":4,"minecraft:birch_log":8,"minecraft:iron_ore":11,"minecraft:andesite":8,"minecraft:pumpkin":3,"minecraft:gold_block":1,"minecraft:oak_log":33,"minecraft:coal_ore":48,"minecraft:deepslate_iron_ore":8,"minecraft:gravel":4,"minecraft:dirt":70,"minecraft:bamboo":2,"minecraft:stone":94,"minecraft:gold_ore":4,"minecraft:oak_leaves":3,"minecraft:deepslate":16,"minecraft:fern":1},"minecraft:killed_by":{"minecraft:skeleton":6,"minecraft:creeper":1,"minecraft:zombie":1},"minecraft:custom":{"minecraft:interact_with_furnace":33,"minecraft:mob_kills":115,"minecraft:interact_with_crafting_table":13,"minecraft:leave_game":7,"minecraft:time_since_death":31679,"minecraft:sleep_in_bed":1,"minecraft:climb_one_cm":1247,"minecraft:time_since_rest":9872,"minecraft:sprint_one_cm":237770,"minecraft:damage_taken":3852,"minecraft:walk_one_cm":235695,"minecraft:damage_blocked_by_shield":2197,"minecraft:drop":56,"minecraft:damage_dealt":13480,"minecraft:swim_one_cm":36137,"minecraft:fly_one_cm":225507,"minecraft:player_kills":1,"minecraft:open_chest":2,"minecraft:crouch_one_cm":9499,"minecraft:play_time":85769,"minecraft:deaths":9,"minecraft:sneak_time":4371,"minecraft:walk_under_water_one_cm":14745,"minecraft:boat_one_cm":98059,"minecraft:jump":1172,"minecraft:walk_on_water_one_cm":44809,"minecraft:total_world_time":85769,"minecraft:fall_one_cm":37091},"minecraft:used":{"minecraft:cooked_mutton":8,"minecraft:diorite":11,"minecraft:stone_sword":28,"minecraft:iron_shovel":20,"minecraft:stone_pickaxe":178,"minecraft:wooden_pickaxe":19,"minecraft:shield":29,"minecraft:iron_sword":236,"minecraft:rotten_flesh":8,"minecraft:torch":3,"minecraft:dirt":81,"minecraft:crafting_table":7,"minecraft:white_bed":1,"minecraft:granite":1,"minecraft:iron_axe":30,"minecraft:iron_pickaxe":55,"minecraft:iron_boots":1,"minecraft:gravel":3,"minecraft:stone_axe":1,"minecraft:cobblestone":49,"minecraft:furnace":4,"minecraft:cooked_porkchop":10,"minecraft:bucket":1,"minecraft:birch_log":1,"minecraft:andesite":3,"minecraft:oak_boat":6,"minecraft:cobbled_deepslate":4,"minecraft:pumpkin":3},"minecraft:dropped":{"minecraft:wheat_seeds":1,"minecraft:stone_sword":1,"minecraft:cobbled_deepslate":11,"minecraft:raw_copper":18,"minecraft:rotten_flesh":17,"minecraft:dirt":49,"minecraft:stone_pickaxe":1,"minecraft:string":1},"minecraft:crafted":{"minecraft:oak_planks":36,"minecraft:cooked_porkchop":11,"minecraft:crafting_table":3,"minecraft:wooden_pickaxe":1,"minecraft:iron_sword":1,"minecraft:furnace":2,"minecraft:bucket":1,"minecraft:birch_planks":28,"minecraft:stone_axe":1,"minecraft:cooked_mutton":11,"minecraft:air":0,"minecraft:oak_boat":1,"minecraft:iron_boots":1,"minecraft:shield":1,"minecraft:iron_axe":1,"minecraft:stick":32,"minecraft:iron_ingot":17,"minecraft:iron_pickaxe":1,"minecraft:stone_pickaxe":2,"minecraft:stone_sword":1,"minecraft:white_bed":1,"minecraft:torch":32},"minecraft:picked_up":{"minecraft:birch_log":8,"minecraft:crafting_table":10,"minecraft:feather":2,"minecraft:chicken":5,"minecraft:salmon":10,"minecraft:glow_ink_sac":19,"minecraft:andesite":9,"minecraft:leather":13,"minecraft:gold_block":1,"minecraft:flint":6,"minecraft:oak_log":115,"minecraft:shield":5,"minecraft:string":1,"minecraft:dirt":249,"minecraft:raw_copper":118,"minecraft:iron_axe":4,"minecraft:iron_shovel":4,"minecraft:bone":13,"minecraft:kelp":2,"minecraft:wheat_seeds":1,"minecraft:cobbled_deepslate":64,"minecraft:raw_gold":20,"minecraft:beef":24,"minecraft:stone_pickaxe":2,"minecraft:iron_ingot":5,"minecraft:oak_boat":6,"minecraft:iron_pickaxe":5,"minecraft:bamboo":11,"minecraft:sugar_cane":7,"minecraft:oak_planks":18,"minecraft:birch_sapling":1,"minecraft:iron_sword":3,"minecraft:iron_boots":4,"minecraft:furnace":8,"minecraft:stick":12,"minecraft:raw_iron":35,"minecraft:cooked_porkchop":14,"minecraft:pumpkin":3,"minecraft:torch":150,"minecraft:gravel":3,"minecraft:porkchop":39,"minecraft:white_bed":1,"minecraft:diorite":11,"minecraft:spider_eye":1,"minecraft:stone_sword":2,"minecraft:arrow":17,"minecraft:rotten_flesh":63,"minecraft:granite":1,"minecraft:mutton":44,"minecraft:coal":56,"minecraft:white_wool":24,"minecraft:cobblestone":168},"minecraft:killed":{"minecraft:pig":20,"minecraft:salmon":11,"minecraft:spider":3,"minecraft:sheep":28,"minecraft:skeleton":6,"minecraft:zombie":28,"minecraft:chicken":5,"minecraft:drowned":1,"minecraft:cow":12}},"DataVersion":3953}