{"stats":{"minecraft:mined":{"minecraft:crafting_table":3,"minecraft:granite":1,"minecraft:grass_block":28,"minecraft:copper_ore":5,"minecraft:cobblestone":2,"minecraft:diorite":12,"minecraft:furnace":1,"minecraft:birch_log":8,"minecraft:iron_ore":11,"minecraft:andesite":8,"minecraft:oak_log":16,"minecraft:coal_ore":12,"minecraft:deepslate_iron_ore":6,"minecraft:gravel":4,"minecraft:dirt":37,"minecraft:stone":76,"minecraft:oak_leaves":2,"minecraft:deepslate":4},"minecraft:killed_by":{"minecraft:skeleton":3},"minecraft:used":{"minecraft:diorite":11,"minecraft:stone_sword":28,"minecraft:stone_pickaxe":156,"minecraft:wooden_pickaxe":19,"minecraft:shield":9,"minecraft:torch":2,"minecraft:dirt":54,"minecraft:crafting_table":5,"minecraft:granite":1,"minecraft:gravel":3,"minecraft:stone_axe":1,"minecraft:cobblestone":38,"minecraft:furnace":2,"minecraft:cooked_porkchop":8,"minecraft:birch_log":1,"minecraft:bucket":1,"minecraft:andesite":3,"minecraft:cobbled_deepslate":3},"minecraft:custom":{"minecraft:interact_with_furnace":17,"minecraft:mob_kills":11,"minecraft:interact_with_crafting_table":8,"minecraft:leave_game":5,"minecraft:time_since_death":10914,"minecraft:time_since_rest":10943,"minecraft:sprint_one_cm":39697,"minecraft:damage_taken":1595,"minecraft:walk_one_cm":102484,"minecraft:damage_blocked_by_shield":570,"minecraft:drop":49,"minecraft:damage_dealt":1985,"minecraft:swim_one_cm":11370,"minecraft:fly_one_cm":22300,"minecraft:player_kills":1,"minecraft:crouch_one_cm":8423,"minecraft:play_time":38133,"minecraft:deaths":3,"minecraft:sneak_time":3640,"minecraft:walk_under_water_one_cm":2209,"minecraft:jump":336,"minecraft:walk_on_water_one_cm":8480,"minecraft:total_world_time":38133,"minecraft:fall_one_cm":9703},"minecraft:dropped":{"minecraft:dirt":49},"minecraft:crafted":{"minecraft:oak_planks":16,"minecraft:cooked_porkchop":8,"minecraft:crafting_table":2,"minecraft:wooden_pickaxe":1,"minecraft:furnace":2,"minecraft:bucket":1,"minecraft:birch_planks":28,"minecraft:stone_axe":1,"minecraft:air":0,"minecraft:shield":1,"minecraft:stick":20,"minecraft:iron_ingot":4,"minecraft:stone_pickaxe":2,"minecraft:stone_sword":1,"minecraft:torch":32},"minecraft:picked_up":{"minecraft:birch_log":8,"minecraft:crafting_table":5,"minecraft:andesite":9,"minecraft:flint":1,"minecraft:oak_log":46,"minecraft:shield":2,"minecraft:dirt":118,"minecraft:raw_copper":28,"minecraft:bone":2,"minecraft:cobbled_deepslate":7,"minecraft:stone_pickaxe":2,"minecraft:birch_sapling":1,"minecraft:furnace":1,"minecraft:raw_iron":25,"minecraft:cooked_porkchop":14,"minecraft:gravel":3,"minecraft:porkchop":8,"minecraft:diorite":11,"minecraft:stone_sword":2,"minecraft:arrow":2,"minecraft:rotten_flesh":9,"minecraft:granite":1,"minecraft:coal":11,"minecraft:cobblestone":124},"minecraft:killed":{"minecraft:pig":4,"minecraft:spider":1,"minecraft:skeleton":1,"minecraft:zombie":4}},"DataVersion":3953}