{"stats":{"minecraft:mined":{"minecraft:furnace":1,"minecraft:birch_log":8,"minecraft:iron_ore":5,"minecraft:andesite":8,"minecraft:crafting_table":3,"minecraft:grass_block":24,"minecraft:oak_log":16,"minecraft:deepslate_iron_ore":3,"minecraft:dirt":26,"minecraft:copper_ore":1,"minecraft:stone":43,"minecraft:diorite":12,"minecraft:oak_leaves":2,"minecraft:deepslate":2},"minecraft:killed_by":{"minecraft:skeleton":2},"minecraft:used":{"minecraft:diorite":11,"minecraft:stone_sword":14,"minecraft:stone_pickaxe":69,"minecraft:shield":4,"minecraft:wooden_pickaxe":19,"minecraft:stone_axe":1,"minecraft:dirt":46,"minecraft:crafting_table":4,"minecraft:cooked_porkchop":1,"minecraft:furnace":1,"minecraft:bucket":1,"minecraft:birch_log":1},"minecraft:custom":{"minecraft:time_since_rest":850,"minecraft:interact_with_furnace":16,"minecraft:sprint_one_cm":17821,"minecraft:damage_taken":725,"minecraft:walk_one_cm":68719,"minecraft:damage_blocked_by_shield":240,"minecraft:mob_kills":6,"minecraft:drop":49,"minecraft:damage_dealt":977,"minecraft:swim_one_cm":1087,"minecraft:interact_with_crafting_table":7,"minecraft:fly_one_cm":11058,"minecraft:player_kills":1,"minecraft:crouch_one_cm":5810,"minecraft:play_time":26133,"minecraft:deaths":2,"minecraft:sneak_time":2560,"minecraft:walk_under_water_one_cm":196,"minecraft:jump":122,"minecraft:leave_game":5,"minecraft:walk_on_water_one_cm":2563,"minecraft:time_since_death":821,"minecraft:total_world_time":26133,"minecraft:fall_one_cm":5980},"minecraft:crafted":{"minecraft:oak_planks":4,"minecraft:cooked_porkchop":8,"minecraft:shield":1,"minecraft:crafting_table":2,"minecraft:stick":12,"minecraft:wooden_pickaxe":1,"minecraft:iron_ingot":4,"minecraft:stone_pickaxe":2,"minecraft:stone_sword":1,"minecraft:furnace":1,"minecraft:bucket":1,"minecraft:birch_planks":28,"minecraft:stone_axe":1,"minecraft:air":0},"minecraft:dropped":{"minecraft:dirt":49},"minecraft:picked_up":{"minecraft:birch_log":8,"minecraft:crafting_table":3,"minecraft:raw_iron":8,"minecraft:andesite":3,"minecraft:porkchop":8,"minecraft:oak_log":16,"minecraft:diorite":11,"minecraft:dirt":97,"minecraft:raw_copper":5,"minecraft:rotten_flesh":2,"minecraft:cobbled_deepslate":2,"minecraft:birch_sapling":1,"minecraft:cobblestone":43,"minecraft:furnace":1},"minecraft:killed":{"minecraft:zombie":1,"minecraft:pig":4}},"DataVersion":3953}