{"stats":{"minecraft:broken":{"minecraft:iron_shovel":1,"minecraft:shield":1,"minecraft:iron_axe":1,"minecraft:iron_sword":1,"minecraft:wooden_hoe":1,"minecraft:stone_shovel":1},"minecraft:mined":{"minecraft:white_bed":2,"minecraft:jungle_leaves":364,"minecraft:granite":1,"minecraft:acacia_log":29,"minecraft:grass_block":373,"minecraft:jungle_log":69,"minecraft:hay_block":21,"minecraft:furnace":5,"minecraft:jungle_sapling":1,"minecraft:iron_ore":11,"minecraft:andesite":8,"minecraft:pumpkin":3,"minecraft:gold_block":1,"minecraft:vine":8,"minecraft:deepslate_iron_ore":8,"minecraft:bamboo":2,"minecraft:stone":94,"minecraft:orange_bed":5,"minecraft:acacia_leaves":1,"minecraft:melon_stem":12,"minecraft:crafting_table":6,"minecraft:short_grass":71,"minecraft:tall_grass":4,"minecraft:copper_ore":5,"minecraft:cobblestone":10,"minecraft:sugar_cane":7,"minecraft:diorite":12,"minecraft:birch_log":8,"minecraft:wheat":58,"minecraft:birch_leaves":2,"minecraft:oak_log":33,"minecraft:coal_ore":54,"minecraft:sand":109,"minecraft:gravel":4,"minecraft:dirt":134,"minecraft:gold_ore":4,"minecraft:oak_leaves":20,"minecraft:deepslate":16,"minecraft:fern":2},"minecraft:killed_by":{"minecraft:creeper":1,"minecraft:skeleton":6,"minecraft:zombie":1},"minecraft:custom":{"minecraft:mob_kills":158,"minecraft:interact_with_crafting_table":25,"minecraft:leave_game":9,"minecraft:time_since_death":102946,"minecraft:climb_one_cm":5348,"minecraft:sprint_one_cm":517283,"minecraft:walk_one_cm":461543,"minecraft:damage_blocked_by_shield":3082,"minecraft:drop":60,"minecraft:talked_to_villager":2,"minecraft:play_time":157036,"minecraft:deaths":9,"minecraft:sneak_time":5964,"minecraft:walk_under_water_one_cm":16259,"minecraft:boat_one_cm":237148,"minecraft:jump":2519,"minecraft:walk_on_water_one_cm":45758,"minecraft:total_world_time":157036,"minecraft:interact_with_furnace":43,"minecraft:sleep_in_bed":3,"minecraft:time_since_rest":28908,"minecraft:damage_taken":4766,"minecraft:damage_dealt":21496,"minecraft:swim_one_cm":38463,"minecraft:fly_one_cm":527811,"minecraft:player_kills":1,"minecraft:open_chest":25,"minecraft:crouch_one_cm":18606,"minecraft:fall_one_cm":65876},"minecraft:used":{"minecraft:stone_sword":37,"minecraft:iron_shovel":251,"minecraft:stone_shovel":223,"minecraft:chest":8,"minecraft:shield":43,"minecraft:iron_sword":262,"minecraft:rotten_flesh":8,"minecraft:orange_bed":4,"minecraft:torch":5,"minecraft:dirt":280,"minecraft:granite":1,"minecraft:jungle_sapling":9,"minecraft:glass":16,"minecraft:iron_axe":205,"minecraft:acacia_slab":5,"minecraft:iron_boots":1,"minecraft:furnace":7,"minecraft:acacia_fence":1,"minecraft:cobbled_deepslate":4,"minecraft:pumpkin":3,"minecraft:cooked_mutton":11,"minecraft:diorite":11,"minecraft:stone_pickaxe":178,"minecraft:wooden_pickaxe":19,"minecraft:sand":85,"minecraft:crafting_table":8,"minecraft:white_bed":3,"minecraft:wooden_hoe":63,"minecraft:bread":20,"minecraft:iron_pickaxe":100,"minecraft:gravel":3,"minecraft:stone_axe":1,"minecraft:cobblestone":60,"minecraft:cooked_porkchop":10,"minecraft:birch_log":1,"minecraft:bucket":1,"minecraft:andesite":3,"minecraft:oak_boat":9},"minecraft:dropped":{"minecraft:wheat_seeds":2,"minecraft:dirt":49,"minecraft:string":2,"minecraft:stone_sword":1,"minecraft:cobbled_deepslate":11,"minecraft:raw_copper":18,"minecraft:rotten_flesh":19,"minecraft:salmon":1,"minecraft:stone_pickaxe":1},"minecraft:crafted":{"minecraft:oak_planks":36,"minecraft:stone_shovel":2,"minecraft:furnace":3,"minecraft:cooked_mutton":11,"minecraft:glass":16,"minecraft:iron_boots":1,"minecraft:iron_axe":1,"minecraft:stone_pickaxe":2,"minecraft:chest":8,"minecraft:acacia_fence":3,"minecraft:rail":16,"minecraft:minecart":1,"minecraft:wheat":180,"minecraft:cooked_porkchop":11,"minecraft:crafting_table":3,"minecraft:acacia_slab":6,"minecraft:wooden_pickaxe":1,"minecraft:iron_sword":1,"minecraft:bucket":1,"minecraft:birch_planks":28,"minecraft:stone_axe":1,"minecraft:bread":60,"minecraft:air":0,"minecraft:oak_boat":1,"minecraft:wooden_hoe":1,"minecraft:shield":2,"minecraft:stick":36,"minecraft:iron_pickaxe":1,"minecraft:iron_ingot":19,"minecraft:stone_sword":2,"minecraft:gold_ingot":2,"minecraft:white_bed":1,"minecraft:acacia_planks":116,"minecraft:torch":32},"minecraft:picked_up":{"minecraft:crafting_table":10,"minecraft:wheat":1,"minecraft:chicken":8,"minecraft:gold_block":1,"minecraft:shield":5,"minecraft:string":2,"minecraft:iron_axe":4,"minecraft:raw_copper":118,"minecraft:iron_shovel":4,"minecraft:cobbled_deepslate":64,"minecraft:beef":30,"minecraft:oak_boat":9,"minecraft:jungle_sapling":12,"minecraft:poppy":1,"minecraft:iron_pickaxe":5,"minecraft:sugar_cane":16,"minecraft:birch_sapling":1,"minecraft:iron_boots":4,"minecraft:furnace":9,"minecraft:raw_iron":35,"minecraft:stick":33,"minecraft:torch":150,"minecraft:acacia_log":29,"minecraft:porkchop":67,"minecraft:diorite":12,"minecraft:orange_bed":5,"minecraft:stone_sword":2,"minecraft:arrow":19,"minecraft:rotten_flesh":75,"minecraft:hay_block":20,"minecraft:armadillo_scute":2,"minecraft:mutton":46,"minecraft:white_wool":26,"minecraft:cobblestone":175,"minecraft:birch_log":8,"minecraft:feather":2,"minecraft:jungle_log":69,"minecraft:glow_ink_sac":19,"minecraft:salmon":11,"minecraft:andesite":9,"minecraft:leather":14,"minecraft:flint":6,"minecraft:oak_log":115,"minecraft:gunpowder":2,"minecraft:dirt":517,"minecraft:bone":16,"minecraft:kelp":6,"minecraft:wheat_seeds":10,"minecraft:raw_gold":20,"minecraft:stone_pickaxe":2,"minecraft:iron_ingot":18,"minecraft:bamboo":11,"minecraft:oak_planks":18,"minecraft:iron_sword":3,"minecraft:acacia_sapling":5,"minecraft:cooked_porkchop":14,"minecraft:pumpkin":3,"minecraft:gravel":5,"minecraft:sand":106,"minecraft:white_bed":2,"minecraft:spider_eye":1,"minecraft:granite":1,"minecraft:oak_sapling":1,"minecraft:coal":77},"minecraft:killed":{"minecraft:armadillo":2,"minecraft:spider":6,"minecraft:skeleton":9,"minecraft:chicken":8,"minecraft:drowned":1,"minecraft:pig":34,"minecraft:salmon":11,"minecraft:iron_golem":3,"minecraft:creeper":1,"minecraft:sheep":30,"minecraft:zombie":35,"minecraft:cow":16}},"DataVersion":3953}