{"stats":{"minecraft:broken":{"minecraft:iron_sword":1},"minecraft:mined":{"minecraft:white_bed":1,"minecraft:crafting_table":6,"minecraft:short_grass":14,"minecraft:granite":1,"minecraft:grass_block":33,"minecraft:copper_ore":5,"minecraft:tall_grass":3,"minecraft:cobblestone":3,"minecraft:sugar_cane":7,"minecraft:diorite":12,"minecraft:furnace":4,"minecraft:birch_log":8,"minecraft:iron_ore":11,"minecraft:wheat":1,"minecraft:andesite":8,"minecraft:pumpkin":3,"minecraft:gold_block":1,"minecraft:coal_ore":54,"minecraft:oak_log":33,"minecraft:deepslate_iron_ore":8,"minecraft:gravel":4,"minecraft:dirt":70,"minecraft:bamboo":2,"minecraft:stone":94,"minecraft:gold_ore":4,"minecraft:oak_leaves":3,"minecraft:deepslate":16,"minecraft:fern":1},"minecraft:killed_by":{"minecraft:skeleton":6,"minecraft:creeper":1,"minecraft:zombie":1},"minecraft:custom":{"minecraft:interact_with_furnace":33,"minecraft:mob_kills":138,"minecraft:interact_with_crafting_table":13,"minecraft:leave_game":8,"minecraft:time_since_death":43118,"minecraft:sleep_in_bed":1,"minecraft:climb_one_cm":1247,"minecraft:time_since_rest":21311,"minecraft:sprint_one_cm":291802,"minecraft:damage_taken":4048,"minecraft:walk_one_cm":266191,"minecraft:damage_blocked_by_shield":2467,"minecraft:drop":57,"minecraft:damage_dealt":15920,"minecraft:player_kills":1,"minecraft:swim_one_cm":36137,"minecraft:fly_one_cm":307677,"minecraft:open_chest":5,"minecraft:play_time":97208,"minecraft:crouch_one_cm":9499,"minecraft:sneak_time":4372,"minecraft:deaths":9,"minecraft:walk_under_water_one_cm":16185,"minecraft:boat_one_cm":197744,"minecraft:jump":1477,"minecraft:walk_on_water_one_cm":45054,"minecraft:total_world_time":97208,"minecraft:fall_one_cm":45532},"minecraft:used":{"minecraft:cooked_mutton":11,"minecraft:diorite":11,"minecraft:stone_sword":28,"minecraft:iron_shovel":20,"minecraft:stone_pickaxe":178,"minecraft:wooden_pickaxe":19,"minecraft:shield":33,"minecraft:iron_sword":262,"minecraft:rotten_flesh":8,"minecraft:torch":5,"minecraft:dirt":81,"minecraft:crafting_table":7,"minecraft:white_bed":1,"minecraft:granite":1,"minecraft:iron_axe":43,"minecraft:iron_pickaxe":61,"minecraft:iron_boots":1,"minecraft:gravel":3,"minecraft:stone_axe":1,"minecraft:cobblestone":54,"minecraft:furnace":4,"minecraft:cooked_porkchop":10,"minecraft:andesite":3,"minecraft:bucket":1,"minecraft:birch_log":1,"minecraft:oak_boat":7,"minecraft:cobbled_deepslate":4,"minecraft:pumpkin":3},"minecraft:dropped":{"minecraft:wheat_seeds":1,"minecraft:stone_sword":1,"minecraft:cobbled_deepslate":11,"minecraft:raw_copper":18,"minecraft:rotten_flesh":19,"minecraft:dirt":49,"minecraft:stone_pickaxe":1,"minecraft:string":1},"minecraft:crafted":{"minecraft:oak_planks":36,"minecraft:cooked_porkchop":11,"minecraft:crafting_table":3,"minecraft:wooden_pickaxe":1,"minecraft:iron_sword":1,"minecraft:furnace":2,"minecraft:bucket":1,"minecraft:birch_planks":28,"minecraft:stone_axe":1,"minecraft:cooked_mutton":11,"minecraft:air":0,"minecraft:oak_boat":1,"minecraft:iron_boots":1,"minecraft:shield":1,"minecraft:iron_axe":1,"minecraft:stick":32,"minecraft:iron_ingot":17,"minecraft:iron_pickaxe":1,"minecraft:stone_pickaxe":2,"minecraft:stone_sword":1,"minecraft:white_bed":1,"minecraft:torch":32},"minecraft:picked_up":{"minecraft:birch_log":8,"minecraft:crafting_table":10,"minecraft:feather":2,"minecraft:chicken":8,"minecraft:andesite":9,"minecraft:glow_ink_sac":19,"minecraft:salmon":10,"minecraft:leather":14,"minecraft:gold_block":1,"minecraft:flint":6,"minecraft:oak_log":115,"minecraft:shield":5,"minecraft:string":2,"minecraft:dirt":249,"minecraft:raw_copper":118,"minecraft:iron_axe":4,"minecraft:iron_shovel":4,"minecraft:bone":16,"minecraft:kelp":2,"minecraft:wheat_seeds":1,"minecraft:cobbled_deepslate":64,"minecraft:raw_gold":20,"minecraft:iron_ingot":5,"minecraft:beef":30,"minecraft:stone_pickaxe":2,"minecraft:oak_boat":7,"minecraft:iron_pickaxe":5,"minecraft:bamboo":11,"minecraft:sugar_cane":16,"minecraft:birch_sapling":1,"minecraft:iron_sword":3,"minecraft:oak_planks":18,"minecraft:iron_boots":4,"minecraft:furnace":8,"minecraft:stick":12,"minecraft:raw_iron":35,"minecraft:cooked_porkchop":14,"minecraft:pumpkin":3,"minecraft:torch":150,"minecraft:gravel":3,"minecraft:porkchop":57,"minecraft:diorite":11,"minecraft:white_bed":1,"minecraft:spider_eye":1,"minecraft:stone_sword":2,"minecraft:arrow":19,"minecraft:rotten_flesh":63,"minecraft:granite":1,"minecraft:mutton":46,"minecraft:coal":77,"minecraft:white_wool":26,"minecraft:cobblestone":168},"minecraft:killed":{"minecraft:pig":30,"minecraft:salmon":11,"minecraft:spider":4,"minecraft:skeleton":8,"minecraft:sheep":30,"minecraft:zombie":29,"minecraft:chicken":8,"minecraft:drowned":1,"minecraft:cow":16}},"DataVersion":3953}