{"stats":{"minecraft:broken":{"minecraft:iron_shovel":1,"minecraft:shield":1,"minecraft:iron_sword":1},"minecraft:mined":{"minecraft:white_bed":1,"minecraft:granite":1,"minecraft:acacia_log":29,"minecraft:grass_block":266,"minecraft:furnace":5,"minecraft:iron_ore":11,"minecraft:andesite":8,"minecraft:pumpkin":3,"minecraft:gold_block":1,"minecraft:deepslate_iron_ore":8,"minecraft:bamboo":2,"minecraft:stone":94,"minecraft:acacia_leaves":1,"minecraft:melon_stem":9,"minecraft:crafting_table":6,"minecraft:short_grass":54,"minecraft:tall_grass":4,"minecraft:copper_ore":5,"minecraft:cobblestone":7,"minecraft:sugar_cane":7,"minecraft:diorite":12,"minecraft:birch_log":8,"minecraft:wheat":57,"minecraft:oak_log":33,"minecraft:coal_ore":54,"minecraft:gravel":4,"minecraft:dirt":125,"minecraft:gold_ore":4,"minecraft:oak_leaves":3,"minecraft:deepslate":16,"minecraft:fern":1},"minecraft:killed_by":{"minecraft:creeper":1,"minecraft:skeleton":6,"minecraft:zombie":1},"minecraft:custom":{"minecraft:mob_kills":146,"minecraft:interact_with_crafting_table":15,"minecraft:leave_game":9,"minecraft:time_since_death":66946,"minecraft:climb_one_cm":1247,"minecraft:sprint_one_cm":392324,"minecraft:walk_one_cm":352954,"minecraft:damage_blocked_by_shield":3082,"minecraft:drop":60,"minecraft:play_time":121036,"minecraft:deaths":9,"minecraft:sneak_time":5710,"minecraft:walk_under_water_one_cm":16185,"minecraft:boat_one_cm":197744,"minecraft:jump":1789,"minecraft:walk_on_water_one_cm":45054,"minecraft:total_world_time":121036,"minecraft:interact_with_furnace":33,"minecraft:sleep_in_bed":2,"minecraft:time_since_rest":6445,"minecraft:damage_taken":4140,"minecraft:damage_dealt":17701,"minecraft:swim_one_cm":36137,"minecraft:fly_one_cm":364491,"minecraft:player_kills":1,"minecraft:open_chest":18,"minecraft:crouch_one_cm":18330,"minecraft:fall_one_cm":49561},"minecraft:used":{"minecraft:stone_sword":28,"minecraft:iron_shovel":251,"minecraft:chest":8,"minecraft:shield":43,"minecraft:iron_sword":262,"minecraft:rotten_flesh":8,"minecraft:torch":5,"minecraft:dirt":160,"minecraft:granite":1,"minecraft:iron_axe":103,"minecraft:iron_boots":1,"minecraft:furnace":6,"minecraft:cobbled_deepslate":4,"minecraft:pumpkin":3,"minecraft:cooked_mutton":11,"minecraft:diorite":11,"minecraft:stone_pickaxe":178,"minecraft:wooden_pickaxe":19,"minecraft:crafting_table":8,"minecraft:white_bed":2,"minecraft:bread":6,"minecraft:iron_pickaxe":72,"minecraft:gravel":3,"minecraft:stone_axe":1,"minecraft:cobblestone":57,"minecraft:cooked_porkchop":10,"minecraft:birch_log":1,"minecraft:bucket":1,"minecraft:andesite":3,"minecraft:oak_boat":7},"minecraft:dropped":{"minecraft:wheat_seeds":2,"minecraft:dirt":49,"minecraft:string":2,"minecraft:stone_sword":1,"minecraft:cobbled_deepslate":11,"minecraft:raw_copper":18,"minecraft:rotten_flesh":19,"minecraft:salmon":1,"minecraft:stone_pickaxe":1},"minecraft:crafted":{"minecraft:oak_planks":36,"minecraft:furnace":2,"minecraft:cooked_mutton":11,"minecraft:iron_boots":1,"minecraft:iron_axe":1,"minecraft:stone_pickaxe":2,"minecraft:chest":8,"minecraft:cooked_porkchop":11,"minecraft:crafting_table":3,"minecraft:wooden_pickaxe":1,"minecraft:iron_sword":1,"minecraft:bucket":1,"minecraft:birch_planks":28,"minecraft:stone_axe":1,"minecraft:air":0,"minecraft:oak_boat":1,"minecraft:shield":1,"minecraft:stick":32,"minecraft:iron_pickaxe":1,"minecraft:iron_ingot":17,"minecraft:stone_sword":1,"minecraft:white_bed":1,"minecraft:acacia_planks":116,"minecraft:torch":32},"minecraft:picked_up":{"minecraft:crafting_table":10,"minecraft:chicken":8,"minecraft:gold_block":1,"minecraft:shield":5,"minecraft:string":2,"minecraft:iron_axe":4,"minecraft:raw_copper":118,"minecraft:iron_shovel":4,"minecraft:cobbled_deepslate":64,"minecraft:beef":30,"minecraft:oak_boat":7,"minecraft:iron_pickaxe":5,"minecraft:sugar_cane":16,"minecraft:birch_sapling":1,"minecraft:iron_boots":4,"minecraft:furnace":9,"minecraft:raw_iron":35,"minecraft:stick":20,"minecraft:torch":150,"minecraft:acacia_log":29,"minecraft:porkchop":67,"minecraft:diorite":11,"minecraft:stone_sword":2,"minecraft:arrow":19,"minecraft:rotten_flesh":63,"minecraft:armadillo_scute":1,"minecraft:mutton":46,"minecraft:white_wool":26,"minecraft:cobblestone":172,"minecraft:birch_log":8,"minecraft:feather":2,"minecraft:glow_ink_sac":19,"minecraft:salmon":11,"minecraft:andesite":9,"minecraft:leather":14,"minecraft:flint":6,"minecraft:oak_log":115,"minecraft:dirt":391,"minecraft:bone":16,"minecraft:kelp":2,"minecraft:wheat_seeds":2,"minecraft:raw_gold":20,"minecraft:stone_pickaxe":2,"minecraft:iron_ingot":10,"minecraft:bamboo":11,"minecraft:oak_planks":18,"minecraft:iron_sword":3,"minecraft:cooked_porkchop":14,"minecraft:pumpkin":3,"minecraft:gravel":3,"minecraft:white_bed":1,"minecraft:spider_eye":1,"minecraft:granite":1,"minecraft:coal":77},"minecraft:killed":{"minecraft:armadillo":2,"minecraft:spider":4,"minecraft:skeleton":9,"minecraft:chicken":8,"minecraft:drowned":1,"minecraft:pig":34,"minecraft:salmon":11,"minecraft:iron_golem":1,"minecraft:sheep":30,"minecraft:zombie":29,"minecraft:cow":16}},"DataVersion":3953}