{"stats":{"minecraft:mined":{"minecraft:grass_block":22,"minecraft:oak_log":16,"minecraft:dirt":18,"minecraft:birch_log":8,"minecraft:copper_ore":1,"minecraft:stone":4,"minecraft:diorite":12,"minecraft:oak_leaves":2,"minecraft:crafting_table":2},"minecraft:used":{"minecraft:dirt":12,"minecraft:crafting_table":2,"minecraft:stone_pickaxe":11,"minecraft:birch_log":1,"minecraft:wooden_pickaxe":19},"minecraft:custom":{"minecraft:time_since_rest":14612,"minecraft:crouch_one_cm":1207,"minecraft:sprint_one_cm":1709,"minecraft:play_time":14612,"minecraft:damage_taken":30,"minecraft:walk_one_cm":38711,"minecraft:sneak_time":395,"minecraft:drop":49,"minecraft:jump":16,"minecraft:damage_dealt":253,"minecraft:leave_game":4,"minecraft:time_since_death":14612,"minecraft:total_world_time":14612,"minecraft:player_kills":1,"minecraft:interact_with_crafting_table":2,"minecraft:fly_one_cm":2230},"minecraft:crafted":{"minecraft:birch_planks":28,"minecraft:crafting_table":1,"minecraft:stick":4,"minecraft:stone_pickaxe":1,"minecraft:wooden_pickaxe":1},"minecraft:dropped":{"minecraft:dirt":49},"minecraft:picked_up":{"minecraft:raw_copper":5,"minecraft:birch_log":8,"minecraft:crafting_table":2,"minecraft:oak_log":16,"minecraft:diorite":11,"minecraft:birch_sapling":1,"minecraft:dirt":89,"minecraft:cobblestone":4}},"DataVersion":3953}