{"stats":{"minecraft:broken":{"minecraft:iron_shovel":1,"minecraft:shield":1,"minecraft:iron_axe":1,"minecraft:iron_sword":1,"minecraft:wooden_hoe":1,"minecraft:stone_shovel":2},"minecraft:mined":{"minecraft:white_bed":3,"minecraft:jungle_leaves":364,"minecraft:granite":1,"minecraft:acacia_log":29,"minecraft:grass_block":374,"minecraft:jungle_log":69,"minecraft:hay_block":21,"minecraft:furnace":5,"minecraft:jungle_sapling":1,"minecraft:iron_ore":11,"minecraft:acacia_wood":1,"minecraft:acacia_stairs":2,"minecraft:andesite":8,"minecraft:pumpkin":3,"minecraft:gold_block":1,"minecraft:vine":8,"minecraft:deepslate_iron_ore":8,"minecraft:rail":41,"minecraft:bamboo":2,"minecraft:stone":94,"minecraft:orange_bed":8,"minecraft:acacia_leaves":1,"minecraft:melon_stem":12,"minecraft:crafting_table":6,"minecraft:torch":1,"minecraft:short_grass":87,"minecraft:tall_grass":4,"minecraft:copper_ore":5,"minecraft:cobblestone":13,"minecraft:sugar_cane":7,"minecraft:diorite":12,"minecraft:birch_log":8,"minecraft:wheat":58,"minecraft:birch_leaves":2,"minecraft:oak_log":33,"minecraft:coal_ore":54,"minecraft:acacia_door":2,"minecraft:sand":128,"minecraft:gravel":4,"minecraft:dirt":246,"minecraft:gold_ore":4,"minecraft:oak_leaves":20,"minecraft:deepslate":16,"minecraft:fern":2},"minecraft:killed_by":{"minecraft:creeper":1,"minecraft:skeleton":7,"minecraft:zombie":2},"minecraft:custom":{"minecraft:mob_kills":168,"minecraft:interact_with_crafting_table":27,"minecraft:leave_game":9,"minecraft:time_since_death":953,"minecraft:climb_one_cm":5348,"minecraft:sprint_one_cm":565162,"minecraft:walk_one_cm":588571,"minecraft:damage_blocked_by_shield":3082,"minecraft:drop":76,"minecraft:talked_to_villager":2,"minecraft:play_time":181036,"minecraft:deaths":11,"minecraft:sneak_time":6605,"minecraft:walk_under_water_one_cm":16259,"minecraft:boat_one_cm":237148,"minecraft:jump":2811,"minecraft:walk_on_water_one_cm":45758,"minecraft:total_world_time":181036,"minecraft:interact_with_furnace":47,"minecraft:sleep_in_bed":5,"minecraft:time_since_rest":980,"minecraft:damage_taken":5628,"minecraft:minecart_one_cm":283,"minecraft:damage_dealt":23278,"minecraft:swim_one_cm":38463,"minecraft:fly_one_cm":555720,"minecraft:player_kills":1,"minecraft:open_chest":34,"minecraft:crouch_one_cm":20045,"minecraft:fall_one_cm":72467},"minecraft:used":{"minecraft:stone_sword":82,"minecraft:iron_shovel":251,"minecraft:stone_shovel":338,"minecraft:chest":8,"minecraft:shield":43,"minecraft:iron_sword":262,"minecraft:rotten_flesh":8,"minecraft:orange_bed":4,"minecraft:torch":25,"minecraft:dirt":404,"minecraft:white_carpet":4,"minecraft:granite":1,"minecraft:jungle_sapling":9,"minecraft:glass":30,"minecraft:iron_axe":205,"minecraft:acacia_slab":5,"minecraft:iron_boots":1,"minecraft:furnace":7,"minecraft:minecart":3,"minecraft:acacia_fence":1,"minecraft:cobbled_deepslate":4,"minecraft:pumpkin":3,"minecraft:cooked_mutton":11,"minecraft:diorite":11,"minecraft:acacia_trapdoor":4,"minecraft:stone_pickaxe":178,"minecraft:wooden_pickaxe":19,"minecraft:sand":85,"minecraft:rail":57,"minecraft:crafting_table":8,"minecraft:white_bed":3,"minecraft:wooden_hoe":63,"minecraft:bread":29,"minecraft:iron_pickaxe":146,"minecraft:gravel":3,"minecraft:stone_axe":1,"minecraft:cobblestone":61,"minecraft:cooked_porkchop":10,"minecraft:birch_log":1,"minecraft:bucket":1,"minecraft:andesite":3,"minecraft:oak_boat":9},"minecraft:crafted":{"minecraft:oak_planks":36,"minecraft:stone_shovel":3,"minecraft:furnace":3,"minecraft:white_carpet":6,"minecraft:cooked_mutton":11,"minecraft:glass":34,"minecraft:iron_boots":1,"minecraft:iron_axe":1,"minecraft:stone_pickaxe":2,"minecraft:chest":8,"minecraft:acacia_fence":3,"minecraft:rail":16,"minecraft:minecart":1,"minecraft:wheat":180,"minecraft:cooked_porkchop":11,"minecraft:crafting_table":3,"minecraft:acacia_slab":6,"minecraft:wooden_pickaxe":1,"minecraft:iron_sword":1,"minecraft:acacia_trapdoor":4,"minecraft:bucket":1,"minecraft:birch_planks":28,"minecraft:stone_axe":1,"minecraft:bread":60,"minecraft:air":0,"minecraft:oak_boat":1,"minecraft:wooden_hoe":1,"minecraft:shield":2,"minecraft:stick":36,"minecraft:iron_pickaxe":1,"minecraft:iron_ingot":19,"minecraft:stone_sword":2,"minecraft:gold_ingot":2,"minecraft:white_bed":1,"minecraft:acacia_planks":116,"minecraft:torch":32},"minecraft:dropped":{"minecraft:acacia_wood":1,"minecraft:wheat_seeds":18,"minecraft:dirt":49,"minecraft:diorite":1,"minecraft:armadillo_scute":1,"minecraft:acacia_door":2,"minecraft:string":2,"minecraft:stone_sword":1,"minecraft:cobbled_deepslate":11,"minecraft:raw_copper":18,"minecraft:wheat":1,"minecraft:white_carpet":2,"minecraft:rotten_flesh":49,"minecraft:acacia_stairs":2,"minecraft:salmon":1,"minecraft:poppy":2,"minecraft:gunpowder":2,"minecraft:acacia_slab":1,"minecraft:stone_pickaxe":1,"minecraft:acacia_fence":4},"minecraft:picked_up":{"minecraft:crafting_table":10,"minecraft:wheat":1,"minecraft:chicken":8,"minecraft:gold_block":1,"minecraft:shield":5,"minecraft:string":2,"minecraft:iron_axe":4,"minecraft:raw_copper":118,"minecraft:acacia_door":2,"minecraft:iron_shovel":4,"minecraft:cobbled_deepslate":64,"minecraft:beef":30,"minecraft:oak_boat":9,"minecraft:jungle_sapling":12,"minecraft:poppy":2,"minecraft:iron_pickaxe":5,"minecraft:minecart":3,"minecraft:sugar_cane":16,"minecraft:birch_sapling":1,"minecraft:iron_boots":4,"minecraft:furnace":9,"minecraft:raw_iron":35,"minecraft:stick":33,"minecraft:acacia_fence":2,"minecraft:torch":152,"minecraft:acacia_log":29,"minecraft:porkchop":67,"minecraft:diorite":12,"minecraft:orange_bed":6,"minecraft:stone_sword":2,"minecraft:arrow":19,"minecraft:rotten_flesh":94,"minecraft:hay_block":20,"minecraft:armadillo_scute":2,"minecraft:mutton":46,"minecraft:rail":57,"minecraft:white_wool":26,"minecraft:cobblestone":178,"minecraft:birch_log":8,"minecraft:feather":2,"minecraft:jungle_log":69,"minecraft:glow_ink_sac":19,"minecraft:salmon":11,"minecraft:andesite":9,"minecraft:leather":14,"minecraft:acacia_wood":1,"minecraft:flint":6,"minecraft:oak_log":115,"minecraft:gunpowder":2,"minecraft:dirt":630,"minecraft:bone":18,"minecraft:acacia_planks":20,"minecraft:kelp":6,"minecraft:wheat_seeds":18,"minecraft:raw_gold":20,"minecraft:stone_pickaxe":2,"minecraft:iron_ingot":23,"minecraft:bamboo":11,"minecraft:oak_planks":18,"minecraft:iron_sword":3,"minecraft:acacia_sapling":5,"minecraft:cooked_porkchop":14,"minecraft:pumpkin":3,"minecraft:gravel":5,"minecraft:sand":128,"minecraft:white_bed":3,"minecraft:acacia_stairs":2,"minecraft:spider_eye":1,"minecraft:granite":1,"minecraft:oak_sapling":1,"minecraft:coal":77},"minecraft:killed":{"minecraft:armadillo":2,"minecraft:spider":6,"minecraft:skeleton":10,"minecraft:chicken":8,"minecraft:drowned":1,"minecraft:pig":34,"minecraft:zombie_villager":1,"minecraft:salmon":11,"minecraft:iron_golem":4,"minecraft:creeper":1,"minecraft:sheep":30,"minecraft:zombie":40,"minecraft:cow":16}},"DataVersion":3953}