{"stats":{"minecraft:mined":{"minecraft:crafting_table":4,"minecraft:granite":1,"minecraft:grass_block":28,"minecraft:copper_ore":5,"minecraft:cobblestone":3,"minecraft:diorite":12,"minecraft:furnace":2,"minecraft:birch_log":8,"minecraft:iron_ore":11,"minecraft:andesite":8,"minecraft:oak_log":16,"minecraft:coal_ore":33,"minecraft:deepslate_iron_ore":8,"minecraft:gravel":4,"minecraft:dirt":50,"minecraft:stone":81,"minecraft:gold_ore":4,"minecraft:oak_leaves":2,"minecraft:deepslate":16},"minecraft:killed_by":{"minecraft:skeleton":4,"minecraft:creeper":1,"minecraft:zombie":1},"minecraft:used":{"minecraft:diorite":11,"minecraft:stone_sword":28,"minecraft:iron_shovel":4,"minecraft:stone_pickaxe":178,"minecraft:wooden_pickaxe":19,"minecraft:shield":9,"minecraft:iron_sword":23,"minecraft:rotten_flesh":4,"minecraft:torch":2,"minecraft:dirt":66,"minecraft:crafting_table":5,"minecraft:granite":1,"minecraft:iron_axe":1,"minecraft:iron_pickaxe":24,"minecraft:iron_boots":1,"minecraft:gravel":3,"minecraft:stone_axe":1,"minecraft:cobblestone":48,"minecraft:furnace":2,"minecraft:cooked_porkchop":8,"minecraft:bucket":1,"minecraft:birch_log":1,"minecraft:andesite":3,"minecraft:cobbled_deepslate":4},"minecraft:custom":{"minecraft:interact_with_furnace":23,"minecraft:mob_kills":18,"minecraft:interact_with_crafting_table":11,"minecraft:leave_game":7,"minecraft:time_since_death":58,"minecraft:time_since_rest":86,"minecraft:sprint_one_cm":55437,"minecraft:damage_taken":2710,"minecraft:walk_one_cm":127464,"minecraft:damage_blocked_by_shield":570,"minecraft:drop":51,"minecraft:damage_dealt":3234,"minecraft:swim_one_cm":17442,"minecraft:fly_one_cm":30807,"minecraft:player_kills":1,"minecraft:crouch_one_cm":8527,"minecraft:play_time":49769,"minecraft:deaths":7,"minecraft:sneak_time":3690,"minecraft:walk_under_water_one_cm":6355,"minecraft:jump":477,"minecraft:walk_on_water_one_cm":37615,"minecraft:total_world_time":49769,"minecraft:fall_one_cm":18727},"minecraft:dropped":{"minecraft:stone_sword":1,"minecraft:dirt":49,"minecraft:stone_pickaxe":1},"minecraft:crafted":{"minecraft:oak_planks":16,"minecraft:cooked_porkchop":8,"minecraft:crafting_table":2,"minecraft:wooden_pickaxe":1,"minecraft:iron_sword":1,"minecraft:furnace":2,"minecraft:bucket":1,"minecraft:birch_planks":28,"minecraft:stone_axe":1,"minecraft:air":0,"minecraft:iron_boots":1,"minecraft:shield":1,"minecraft:iron_axe":1,"minecraft:stick":28,"minecraft:iron_ingot":17,"minecraft:iron_pickaxe":1,"minecraft:stone_pickaxe":2,"minecraft:stone_sword":1,"minecraft:torch":32},"minecraft:picked_up":{"minecraft:birch_log":8,"minecraft:crafting_table":8,"minecraft:glow_ink_sac":9,"minecraft:andesite":9,"minecraft:flint":3,"minecraft:oak_log":70,"minecraft:shield":3,"minecraft:dirt":150,"minecraft:raw_copper":64,"minecraft:iron_axe":2,"minecraft:iron_shovel":2,"minecraft:bone":6,"minecraft:cobbled_deepslate":31,"minecraft:raw_gold":8,"minecraft:stone_pickaxe":2,"minecraft:iron_ingot":2,"minecraft:iron_pickaxe":2,"minecraft:oak_planks":4,"minecraft:birch_sapling":1,"minecraft:iron_sword":1,"minecraft:iron_boots":2,"minecraft:furnace":4,"minecraft:stick":3,"minecraft:raw_iron":31,"minecraft:cooked_porkchop":14,"minecraft:torch":60,"minecraft:gravel":3,"minecraft:porkchop":8,"minecraft:diorite":11,"minecraft:stone_sword":2,"minecraft:arrow":6,"minecraft:rotten_flesh":28,"minecraft:granite":1,"minecraft:coal":56,"minecraft:cobblestone":136},"minecraft:killed":{"minecraft:pig":4,"minecraft:spider":1,"minecraft:skeleton":1,"minecraft:zombie":11}},"DataVersion":3953}