{"stats":{"minecraft:broken":{"minecraft:iron_shovel":1,"minecraft:shield":1,"minecraft:iron_sword":1,"minecraft:wooden_hoe":1,"minecraft:stone_shovel":1},"minecraft:mined":{"minecraft:white_bed":2,"minecraft:jungle_leaves":54,"minecraft:granite":1,"minecraft:acacia_log":29,"minecraft:grass_block":366,"minecraft:jungle_log":7,"minecraft:hay_block":21,"minecraft:furnace":5,"minecraft:iron_ore":11,"minecraft:andesite":8,"minecraft:pumpkin":3,"minecraft:gold_block":1,"minecraft:vine":1,"minecraft:deepslate_iron_ore":8,"minecraft:bamboo":2,"minecraft:stone":94,"minecraft:orange_bed":1,"minecraft:acacia_leaves":1,"minecraft:melon_stem":12,"minecraft:crafting_table":6,"minecraft:short_grass":58,"minecraft:tall_grass":4,"minecraft:copper_ore":5,"minecraft:cobblestone":7,"minecraft:sugar_cane":7,"minecraft:diorite":12,"minecraft:birch_log":8,"minecraft:wheat":58,"minecraft:oak_log":33,"minecraft:coal_ore":54,"minecraft:sand":103,"minecraft:gravel":4,"minecraft:dirt":126,"minecraft:gold_ore":4,"minecraft:oak_leaves":20,"minecraft:deepslate":16,"minecraft:fern":2},"minecraft:killed_by":{"minecraft:creeper":1,"minecraft:skeleton":6,"minecraft:zombie":1},"minecraft:custom":{"minecraft:mob_kills":152,"minecraft:interact_with_crafting_table":19,"minecraft:leave_game":9,"minecraft:time_since_death":78946,"minecraft:climb_one_cm":1747,"minecraft:sprint_one_cm":437620,"minecraft:walk_one_cm":397424,"minecraft:damage_blocked_by_shield":3082,"minecraft:drop":60,"minecraft:talked_to_villager":1,"minecraft:play_time":133036,"minecraft:deaths":9,"minecraft:sneak_time":5870,"minecraft:walk_under_water_one_cm":16185,"minecraft:boat_one_cm":214877,"minecraft:jump":1976,"minecraft:walk_on_water_one_cm":45151,"minecraft:total_world_time":133036,"minecraft:interact_with_furnace":33,"minecraft:sleep_in_bed":3,"minecraft:time_since_rest":4908,"minecraft:damage_taken":4280,"minecraft:damage_dealt":19796,"minecraft:swim_one_cm":36137,"minecraft:fly_one_cm":411182,"minecraft:player_kills":1,"minecraft:open_chest":21,"minecraft:crouch_one_cm":18456,"minecraft:fall_one_cm":51920},"minecraft:used":{"minecraft:stone_sword":28,"minecraft:iron_shovel":251,"minecraft:stone_shovel":207,"minecraft:chest":8,"minecraft:shield":43,"minecraft:iron_sword":262,"minecraft:rotten_flesh":8,"minecraft:torch":5,"minecraft:dirt":196,"minecraft:granite":1,"minecraft:iron_axe":134,"minecraft:iron_boots":1,"minecraft:furnace":6,"minecraft:cobbled_deepslate":4,"minecraft:pumpkin":3,"minecraft:cooked_mutton":11,"minecraft:diorite":11,"minecraft:stone_pickaxe":178,"minecraft:wooden_pickaxe":19,"minecraft:sand":85,"minecraft:crafting_table":8,"minecraft:white_bed":3,"minecraft:wooden_hoe":63,"minecraft:bread":8,"minecraft:iron_pickaxe":72,"minecraft:gravel":3,"minecraft:stone_axe":1,"minecraft:cobblestone":60,"minecraft:cooked_porkchop":10,"minecraft:birch_log":1,"minecraft:bucket":1,"minecraft:andesite":3,"minecraft:oak_boat":8},"minecraft:dropped":{"minecraft:wheat_seeds":2,"minecraft:dirt":49,"minecraft:string":2,"minecraft:stone_sword":1,"minecraft:cobbled_deepslate":11,"minecraft:raw_copper":18,"minecraft:rotten_flesh":19,"minecraft:salmon":1,"minecraft:stone_pickaxe":1},"minecraft:crafted":{"minecraft:oak_planks":36,"minecraft:stone_shovel":2,"minecraft:furnace":2,"minecraft:cooked_mutton":11,"minecraft:iron_boots":1,"minecraft:iron_axe":1,"minecraft:stone_pickaxe":2,"minecraft:chest":8,"minecraft:wheat":180,"minecraft:cooked_porkchop":11,"minecraft:crafting_table":3,"minecraft:wooden_pickaxe":1,"minecraft:iron_sword":1,"minecraft:bucket":1,"minecraft:birch_planks":28,"minecraft:stone_axe":1,"minecraft:bread":60,"minecraft:air":0,"minecraft:oak_boat":1,"minecraft:wooden_hoe":1,"minecraft:shield":2,"minecraft:stick":32,"minecraft:iron_pickaxe":1,"minecraft:iron_ingot":17,"minecraft:stone_sword":1,"minecraft:gold_ingot":2,"minecraft:white_bed":1,"minecraft:acacia_planks":116,"minecraft:torch":32},"minecraft:picked_up":{"minecraft:crafting_table":10,"minecraft:wheat":1,"minecraft:chicken":8,"minecraft:gold_block":1,"minecraft:shield":5,"minecraft:string":2,"minecraft:iron_axe":4,"minecraft:raw_copper":118,"minecraft:iron_shovel":4,"minecraft:cobbled_deepslate":64,"minecraft:beef":30,"minecraft:oak_boat":8,"minecraft:poppy":1,"minecraft:iron_pickaxe":5,"minecraft:sugar_cane":16,"minecraft:birch_sapling":1,"minecraft:iron_boots":4,"minecraft:furnace":9,"minecraft:raw_iron":35,"minecraft:stick":23,"minecraft:torch":150,"minecraft:acacia_log":29,"minecraft:porkchop":67,"minecraft:diorite":11,"minecraft:orange_bed":1,"minecraft:stone_sword":2,"minecraft:arrow":19,"minecraft:rotten_flesh":74,"minecraft:hay_block":20,"minecraft:armadillo_scute":2,"minecraft:mutton":46,"minecraft:white_wool":26,"minecraft:cobblestone":172,"minecraft:birch_log":8,"minecraft:feather":2,"minecraft:jungle_log":7,"minecraft:glow_ink_sac":19,"minecraft:salmon":11,"minecraft:andesite":9,"minecraft:leather":14,"minecraft:flint":6,"minecraft:oak_log":115,"minecraft:dirt":486,"minecraft:bone":16,"minecraft:kelp":2,"minecraft:wheat_seeds":8,"minecraft:raw_gold":20,"minecraft:stone_pickaxe":2,"minecraft:iron_ingot":14,"minecraft:bamboo":11,"minecraft:oak_planks":18,"minecraft:iron_sword":3,"minecraft:acacia_sapling":5,"minecraft:cooked_porkchop":14,"minecraft:pumpkin":3,"minecraft:gravel":3,"minecraft:sand":103,"minecraft:white_bed":2,"minecraft:spider_eye":1,"minecraft:granite":1,"minecraft:oak_sapling":1,"minecraft:coal":77},"minecraft:killed":{"minecraft:armadillo":2,"minecraft:spider":4,"minecraft:skeleton":9,"minecraft:chicken":8,"minecraft:drowned":1,"minecraft:pig":34,"minecraft:salmon":11,"minecraft:iron_golem":2,"minecraft:sheep":30,"minecraft:zombie":33,"minecraft:cow":16}},"DataVersion":3953}