{"stats":{"minecraft:mined":{"minecraft:crafting_table":4,"minecraft:granite":1,"minecraft:grass_block":28,"minecraft:copper_ore":5,"minecraft:cobblestone":3,"minecraft:sugar_cane":2,"minecraft:diorite":12,"minecraft:furnace":2,"minecraft:birch_log":8,"minecraft:iron_ore":11,"minecraft:andesite":8,"minecraft:pumpkin":3,"minecraft:oak_log":31,"minecraft:coal_ore":33,"minecraft:deepslate_iron_ore":8,"minecraft:gravel":4,"minecraft:dirt":55,"minecraft:stone":81,"minecraft:gold_ore":4,"minecraft:oak_leaves":3,"minecraft:deepslate":16},"minecraft:killed_by":{"minecraft:skeleton":6,"minecraft:creeper":1,"minecraft:zombie":1},"minecraft:used":{"minecraft:diorite":11,"minecraft:stone_sword":28,"minecraft:iron_shovel":4,"minecraft:stone_pickaxe":178,"minecraft:wooden_pickaxe":19,"minecraft:shield":14,"minecraft:iron_sword":55,"minecraft:rotten_flesh":4,"minecraft:torch":2,"minecraft:dirt":70,"minecraft:crafting_table":5,"minecraft:granite":1,"minecraft:iron_axe":21,"minecraft:iron_pickaxe":24,"minecraft:iron_boots":1,"minecraft:gravel":3,"minecraft:stone_axe":1,"minecraft:cobblestone":49,"minecraft:furnace":3,"minecraft:cooked_porkchop":10,"minecraft:bucket":1,"minecraft:birch_log":1,"minecraft:andesite":3,"minecraft:cobbled_deepslate":4,"minecraft:pumpkin":3},"minecraft:custom":{"minecraft:interact_with_furnace":26,"minecraft:mob_kills":39,"minecraft:interact_with_crafting_table":11,"minecraft:leave_game":7,"minecraft:time_since_death":7679,"minecraft:time_since_rest":7705,"minecraft:sprint_one_cm":122920,"minecraft:damage_taken":3392,"minecraft:walk_one_cm":165084,"minecraft:damage_blocked_by_shield":943,"minecraft:drop":51,"minecraft:damage_dealt":4797,"minecraft:swim_one_cm":36137,"minecraft:fly_one_cm":130655,"minecraft:player_kills":1,"minecraft:crouch_one_cm":8640,"minecraft:play_time":61769,"minecraft:deaths":9,"minecraft:sneak_time":3810,"minecraft:walk_under_water_one_cm":14745,"minecraft:jump":679,"minecraft:walk_on_water_one_cm":43774,"minecraft:total_world_time":61769,"minecraft:fall_one_cm":24952},"minecraft:dropped":{"minecraft:stone_sword":1,"minecraft:dirt":49,"minecraft:stone_pickaxe":1},"minecraft:crafted":{"minecraft:oak_planks":16,"minecraft:cooked_porkchop":11,"minecraft:crafting_table":2,"minecraft:wooden_pickaxe":1,"minecraft:iron_sword":1,"minecraft:furnace":2,"minecraft:bucket":1,"minecraft:birch_planks":28,"minecraft:stone_axe":1,"minecraft:air":0,"minecraft:iron_boots":1,"minecraft:shield":1,"minecraft:iron_axe":1,"minecraft:stick":28,"minecraft:iron_ingot":17,"minecraft:iron_pickaxe":1,"minecraft:stone_pickaxe":2,"minecraft:stone_sword":1,"minecraft:torch":32},"minecraft:picked_up":{"minecraft:birch_log":8,"minecraft:crafting_table":8,"minecraft:feather":2,"minecraft:chicken":1,"minecraft:salmon":10,"minecraft:glow_ink_sac":19,"minecraft:andesite":9,"minecraft:flint":6,"minecraft:oak_log":112,"minecraft:shield":5,"minecraft:dirt":218,"minecraft:raw_copper":118,"minecraft:iron_axe":4,"minecraft:iron_shovel":4,"minecraft:bone":12,"minecraft:cobbled_deepslate":64,"minecraft:raw_gold":20,"minecraft:stone_pickaxe":2,"minecraft:iron_ingot":5,"minecraft:iron_pickaxe":5,"minecraft:sugar_cane":6,"minecraft:oak_planks":16,"minecraft:birch_sapling":1,"minecraft:iron_sword":3,"minecraft:iron_boots":4,"minecraft:furnace":6,"minecraft:stick":12,"minecraft:raw_iron":35,"minecraft:cooked_porkchop":14,"minecraft:pumpkin":3,"minecraft:torch":150,"minecraft:gravel":3,"minecraft:porkchop":11,"minecraft:diorite":11,"minecraft:stone_sword":2,"minecraft:arrow":12,"minecraft:rotten_flesh":51,"minecraft:granite":1,"minecraft:mutton":3,"minecraft:coal":56,"minecraft:white_wool":3,"minecraft:cobblestone":155},"minecraft:killed":{"minecraft:pig":6,"minecraft:salmon":11,"minecraft:spider":1,"minecraft:sheep":3,"minecraft:skeleton":2,"minecraft:zombie":13,"minecraft:chicken":1,"minecraft:drowned":1}},"DataVersion":3953}