{"stats":{"minecraft:mined":{"minecraft:oak_log":5},"minecraft:killed_by":{"minecraft:player":1},"minecraft:used":{"minecraft:crafting_table":1},"minecraft:custom":{"minecraft:jump":18,"minecraft:time_since_rest":1295,"minecraft:damage_dealt":30,"minecraft:deaths":1,"minecraft:play_time":1834,"minecraft:damage_taken":260,"minecraft:time_since_death":1266,"minecraft:walk_one_cm":6439,"minecraft:total_world_time":1834,"minecraft:interact_with_crafting_table":2,"minecraft:fly_one_cm":731},"minecraft:crafted":{"minecraft:crafting_table":1,"minecraft:oak_planks":20,"minecraft:stick":4,"minecraft:wooden_pickaxe":1,"minecraft:wooden_axe":1},"minecraft:picked_up":{"minecraft:oak_log":5}},"DataVersion":3953}