{"stats":{"minecraft:mined":{"minecraft:kelp_plant":1,"minecraft:birch_log":48,"minecraft:jungle_leaves":1,"minecraft:birch_leaves":17,"minecraft:crafting_table":3,"minecraft:short_grass":1,"minecraft:grass_block":2,"minecraft:oak_log":69,"minecraft:vine":2,"minecraft:jungle_log":8,"minecraft:dirt":1,"minecraft:bamboo":1,"minecraft:stone":59,"minecraft:kelp":1,"minecraft:oak_leaves":9,"minecraft:fern":1},"minecraft:broken":{"minecraft:wooden_axe":1,"minecraft:wooden_pickaxe":1},"minecraft:killed_by":{"minecraft:player":1,"minecraft:witch":1},"minecraft:used":{"minecraft:wooden_axe":59,"minecraft:stone_sword":5,"minecraft:apple":2,"minecraft:wooden_pickaxe":59,"minecraft:stone_axe":69,"minecraft:dirt":3,"minecraft:crafting_table":3},"minecraft:custom":{"minecraft:time_since_rest":10456,"minecraft:sprint_one_cm":27649,"minecraft:damage_taken":728,"minecraft:walk_one_cm":123871,"minecraft:mob_kills":1,"minecraft:damage_dealt":180,"minecraft:swim_one_cm":12213,"minecraft:interact_with_crafting_table":4,"minecraft:fly_one_cm":25124,"minecraft:crouch_one_cm":32,"minecraft:play_time":25834,"minecraft:deaths":2,"minecraft:sneak_time":14,"minecraft:walk_under_water_one_cm":4298,"minecraft:jump":320,"minecraft:time_since_death":10392,"minecraft:walk_on_water_one_cm":5437,"minecraft:climb_one_cm":1681,"minecraft:total_world_time":25834,"minecraft:fall_one_cm":5745},"minecraft:crafted":{"minecraft:oak_planks":20,"minecraft:crafting_table":1,"minecraft:stick":8,"minecraft:wooden_pickaxe":1,"minecraft:stone_pickaxe":1,"minecraft:wooden_axe":1,"minecraft:stone_sword":1,"minecraft:stone_axe":1},"minecraft:picked_up":{"minecraft:birch_log":96,"minecraft:stick":21,"minecraft:crafting_table":3,"minecraft:jungle_log":8,"minecraft:oak_log":133,"minecraft:string":2,"minecraft:spider_eye":2,"minecraft:dirt":3,"minecraft:stone_sword":1,"minecraft:apple":2,"minecraft:kelp":3,"minecraft:stone_axe":1,"minecraft:stone_pickaxe":1,"minecraft:jungle_sapling":1,"minecraft:bamboo":11,"minecraft:oak_sapling":18,"minecraft:oak_planks":6,"minecraft:birch_sapling":2,"minecraft:cobblestone":110,"minecraft:egg":2},"minecraft:killed":{"minecraft:spider":1}},"DataVersion":3953}