{"stats":{"minecraft:broken":{"minecraft:wooden_axe":1,"minecraft:wooden_pickaxe":1},"minecraft:mined":{"minecraft:kelp_plant":11,"minecraft:jungle_leaves":8,"minecraft:crafting_table":4,"minecraft:short_grass":40,"minecraft:grass_block":7,"minecraft:melon":104,"minecraft:jungle_log":22,"minecraft:copper_ore":12,"minecraft:kelp":2,"minecraft:sugar_cane":14,"minecraft:seagrass":1,"minecraft:tall_seagrass":1,"minecraft:birch_log":66,"minecraft:fire":99,"minecraft:birch_leaves":28,"minecraft:pumpkin":27,"minecraft:oak_log":87,"minecraft:coal_ore":16,"minecraft:vine":5,"minecraft:dirt":12,"minecraft:bamboo":5,"minecraft:stone":64,"minecraft:oak_leaves":36,"minecraft:fern":12},"minecraft:killed_by":{"minecraft:player":1,"minecraft:skeleton":2,"minecraft:witch":1,"minecraft:zombie":1},"minecraft:custom":{"minecraft:mob_kills":12,"minecraft:interact_with_crafting_table":5,"minecraft:leave_game":6,"minecraft:time_since_death":2486,"minecraft:climb_one_cm":22976,"minecraft:time_since_rest":2885,"minecraft:sprint_one_cm":393079,"minecraft:damage_taken":3115,"minecraft:walk_one_cm":711279,"minecraft:drop":1,"minecraft:damage_dealt":2094,"minecraft:swim_one_cm":85883,"minecraft:fly_one_cm":423634,"minecraft:open_chest":2,"minecraft:crouch_one_cm":449,"minecraft:play_time":141478,"minecraft:deaths":5,"minecraft:sneak_time":263,"minecraft:walk_under_water_one_cm":39004,"minecraft:jump":3230,"minecraft:walk_on_water_one_cm":34352,"minecraft:total_world_time":141478,"minecraft:fall_one_cm":69186},"minecraft:used":{"minecraft:stone_sword":52,"minecraft:stone_pickaxe":33,"minecraft:wooden_pickaxe":59,"minecraft:rotten_flesh":3,"minecraft:dirt":19,"minecraft:crafting_table":4,"minecraft:wooden_axe":59,"minecraft:apple":3,"minecraft:melon_slice":138,"minecraft:stone_axe":69},"minecraft:dropped":{"minecraft:armadillo_scute":1},"minecraft:crafted":{"minecraft:oak_planks":24,"minecraft:crafting_table":2,"minecraft:wooden_pickaxe":1,"minecraft:stone_axe":1,"minecraft:stick":8,"minecraft:stone_pickaxe":1,"minecraft:wooden_axe":1,"minecraft:stone_sword":1,"minecraft:white_bed":1},"minecraft:picked_up":{"minecraft:birch_log":162,"minecraft:cocoa_beans":6,"minecraft:crafting_table":5,"minecraft:jungle_log":30,"minecraft:leather":2,"minecraft:oak_log":214,"minecraft:dirt":19,"minecraft:string":11,"minecraft:raw_copper":98,"minecraft:apple":4,"minecraft:kelp":87,"minecraft:wheat_seeds":8,"minecraft:beef":2,"minecraft:stone_pickaxe":2,"minecraft:jungle_sapling":3,"minecraft:bamboo":49,"minecraft:melon_slice":618,"minecraft:sugar_cane":55,"minecraft:birch_sapling":4,"minecraft:oak_planks":9,"minecraft:egg":14,"minecraft:stick":32,"minecraft:pumpkin":27,"minecraft:porkchop":4,"minecraft:spider_eye":3,"minecraft:stone_sword":2,"minecraft:rotten_flesh":7,"minecraft:stone_axe":2,"minecraft:armadillo_scute":1,"minecraft:oak_sapling":31,"minecraft:coal":16,"minecraft:mutton":6,"minecraft:white_wool":3,"minecraft:cobblestone":168},"minecraft:killed":{"minecraft:pig":1,"minecraft:spider":3,"minecraft:sheep":3,"minecraft:zombie":4,"minecraft:cow":1}},"DataVersion":3953}