{"stats":{"minecraft:mined":{"minecraft:birch_log":43,"minecraft:birch_leaves":16,"minecraft:crafting_table":3,"minecraft:grass_block":2,"minecraft:oak_log":69,"minecraft:dirt":1,"minecraft:stone":59,"minecraft:oak_leaves":9},"minecraft:broken":{"minecraft:wooden_axe":1,"minecraft:wooden_pickaxe":1},"minecraft:killed_by":{"minecraft:player":1},"minecraft:used":{"minecraft:wooden_axe":59,"minecraft:apple":1,"minecraft:wooden_pickaxe":59,"minecraft:stone_axe":51,"minecraft:dirt":3,"minecraft:crafting_table":3},"minecraft:custom":{"minecraft:time_since_rest":13295,"minecraft:sprint_one_cm":4909,"minecraft:damage_taken":413,"minecraft:walk_one_cm":61645,"minecraft:damage_dealt":30,"minecraft:interact_with_crafting_table":4,"minecraft:fly_one_cm":6663,"minecraft:crouch_one_cm":32,"minecraft:play_time":13834,"minecraft:deaths":1,"minecraft:sneak_time":3,"minecraft:jump":123,"minecraft:time_since_death":13266,"minecraft:walk_on_water_one_cm":223,"minecraft:total_world_time":13834,"minecraft:fall_one_cm":1916},"minecraft:crafted":{"minecraft:oak_planks":20,"minecraft:crafting_table":1,"minecraft:stick":8,"minecraft:wooden_pickaxe":1,"minecraft:stone_pickaxe":1,"minecraft:wooden_axe":1,"minecraft:stone_sword":1,"minecraft:stone_axe":1},"minecraft:picked_up":{"minecraft:birch_log":43,"minecraft:stick":11,"minecraft:crafting_table":3,"minecraft:oak_log":69,"minecraft:dirt":3,"minecraft:apple":2,"minecraft:oak_sapling":9,"minecraft:birch_sapling":1,"minecraft:cobblestone":59,"minecraft:egg":1}},"DataVersion":3953}