{"stats":{"minecraft:broken":{"minecraft:wooden_axe":1,"minecraft:wooden_pickaxe":1},"minecraft:mined":{"minecraft:kelp_plant":6,"minecraft:jungle_leaves":2,"minecraft:crafting_table":4,"minecraft:short_grass":15,"minecraft:grass_block":7,"minecraft:melon":41,"minecraft:jungle_log":8,"minecraft:copper_ore":12,"minecraft:kelp":2,"minecraft:sugar_cane":7,"minecraft:tall_seagrass":1,"minecraft:birch_log":48,"minecraft:birch_leaves":17,"minecraft:coal_ore":16,"minecraft:oak_log":69,"minecraft:vine":2,"minecraft:dirt":12,"minecraft:bamboo":1,"minecraft:stone":64,"minecraft:oak_leaves":12,"minecraft:fern":4},"minecraft:killed_by":{"minecraft:player":1,"minecraft:skeleton":1,"minecraft:witch":1},"minecraft:custom":{"minecraft:mob_kills":12,"minecraft:interact_with_crafting_table":5,"minecraft:leave_game":2,"minecraft:time_since_death":10800,"minecraft:climb_one_cm":3748,"minecraft:time_since_rest":10852,"minecraft:sprint_one_cm":109562,"minecraft:damage_taken":1957,"minecraft:walk_one_cm":399073,"minecraft:damage_dealt":2094,"minecraft:swim_one_cm":35198,"minecraft:fly_one_cm":98223,"minecraft:crouch_one_cm":134,"minecraft:play_time":71520,"minecraft:deaths":3,"minecraft:sneak_time":173,"minecraft:walk_under_water_one_cm":27449,"minecraft:jump":1082,"minecraft:walk_on_water_one_cm":21052,"minecraft:total_world_time":71520,"minecraft:fall_one_cm":15705},"minecraft:used":{"minecraft:stone_sword":52,"minecraft:stone_pickaxe":33,"minecraft:wooden_pickaxe":59,"minecraft:rotten_flesh":3,"minecraft:dirt":19,"minecraft:crafting_table":4,"minecraft:wooden_axe":59,"minecraft:apple":2,"minecraft:melon_slice":59,"minecraft:stone_axe":69},"minecraft:crafted":{"minecraft:oak_planks":24,"minecraft:crafting_table":2,"minecraft:wooden_pickaxe":1,"minecraft:stone_axe":1,"minecraft:stick":8,"minecraft:stone_pickaxe":1,"minecraft:wooden_axe":1,"minecraft:stone_sword":1,"minecraft:white_bed":1},"minecraft:picked_up":{"minecraft:birch_log":144,"minecraft:crafting_table":5,"minecraft:jungle_log":16,"minecraft:leather":2,"minecraft:oak_log":196,"minecraft:string":11,"minecraft:dirt":19,"minecraft:raw_copper":98,"minecraft:apple":2,"minecraft:kelp":50,"minecraft:wheat_seeds":6,"minecraft:beef":2,"minecraft:stone_pickaxe":2,"minecraft:jungle_sapling":2,"minecraft:bamboo":22,"minecraft:melon_slice":316,"minecraft:sugar_cane":36,"minecraft:birch_sapling":3,"minecraft:oak_planks":9,"minecraft:egg":9,"minecraft:stick":31,"minecraft:porkchop":4,"minecraft:spider_eye":3,"minecraft:stone_sword":2,"minecraft:rotten_flesh":7,"minecraft:stone_axe":2,"minecraft:oak_sapling":27,"minecraft:coal":16,"minecraft:mutton":6,"minecraft:white_wool":3,"minecraft:cobblestone":168},"minecraft:killed":{"minecraft:pig":1,"minecraft:spider":3,"minecraft:sheep":3,"minecraft:zombie":4,"minecraft:cow":1}},"DataVersion":3953}