{"stats":{"minecraft:broken":{"minecraft:wooden_axe":1,"minecraft:wooden_pickaxe":1},"minecraft:mined":{"minecraft:kelp_plant":6,"minecraft:jungle_leaves":8,"minecraft:crafting_table":4,"minecraft:short_grass":36,"minecraft:grass_block":7,"minecraft:melon":88,"minecraft:jungle_log":22,"minecraft:copper_ore":12,"minecraft:kelp":2,"minecraft:sugar_cane":13,"minecraft:tall_seagrass":1,"minecraft:birch_log":59,"minecraft:fire":99,"minecraft:birch_leaves":26,"minecraft:pumpkin":27,"minecraft:oak_log":74,"minecraft:coal_ore":16,"minecraft:vine":5,"minecraft:dirt":12,"minecraft:bamboo":3,"minecraft:stone":64,"minecraft:oak_leaves":27,"minecraft:fern":11},"minecraft:killed_by":{"minecraft:player":1,"minecraft:skeleton":2,"minecraft:witch":1},"minecraft:custom":{"minecraft:mob_kills":12,"minecraft:interact_with_crafting_table":5,"minecraft:leave_game":4,"minecraft:time_since_death":39445,"minecraft:climb_one_cm":20935,"minecraft:time_since_rest":39970,"minecraft:sprint_one_cm":290031,"minecraft:damage_taken":2687,"minecraft:walk_one_cm":615098,"minecraft:damage_dealt":2094,"minecraft:swim_one_cm":57342,"minecraft:fly_one_cm":287826,"minecraft:open_chest":2,"minecraft:crouch_one_cm":449,"minecraft:play_time":118249,"minecraft:deaths":4,"minecraft:sneak_time":257,"minecraft:walk_under_water_one_cm":29516,"minecraft:jump":2492,"minecraft:walk_on_water_one_cm":24631,"minecraft:total_world_time":118249,"minecraft:fall_one_cm":47020},"minecraft:used":{"minecraft:stone_sword":52,"minecraft:stone_pickaxe":33,"minecraft:wooden_pickaxe":59,"minecraft:rotten_flesh":3,"minecraft:dirt":19,"minecraft:crafting_table":4,"minecraft:wooden_axe":59,"minecraft:apple":2,"minecraft:melon_slice":113,"minecraft:stone_axe":69},"minecraft:crafted":{"minecraft:oak_planks":24,"minecraft:crafting_table":2,"minecraft:wooden_pickaxe":1,"minecraft:stone_axe":1,"minecraft:stick":8,"minecraft:stone_pickaxe":1,"minecraft:wooden_axe":1,"minecraft:stone_sword":1,"minecraft:white_bed":1},"minecraft:picked_up":{"minecraft:birch_log":155,"minecraft:cocoa_beans":6,"minecraft:crafting_table":5,"minecraft:jungle_log":30,"minecraft:leather":2,"minecraft:oak_log":201,"minecraft:dirt":19,"minecraft:string":11,"minecraft:raw_copper":98,"minecraft:apple":3,"minecraft:kelp":50,"minecraft:wheat_seeds":8,"minecraft:beef":2,"minecraft:stone_pickaxe":2,"minecraft:jungle_sapling":3,"minecraft:bamboo":31,"minecraft:melon_slice":540,"minecraft:sugar_cane":51,"minecraft:birch_sapling":4,"minecraft:oak_planks":9,"minecraft:egg":10,"minecraft:stick":32,"minecraft:pumpkin":27,"minecraft:porkchop":4,"minecraft:spider_eye":3,"minecraft:stone_sword":2,"minecraft:rotten_flesh":7,"minecraft:stone_axe":2,"minecraft:oak_sapling":29,"minecraft:coal":16,"minecraft:mutton":6,"minecraft:white_wool":3,"minecraft:cobblestone":168},"minecraft:killed":{"minecraft:pig":1,"minecraft:spider":3,"minecraft:sheep":3,"minecraft:zombie":4,"minecraft:cow":1}},"DataVersion":3953}