{"stats":{"minecraft:broken":{"minecraft:wooden_axe":1,"minecraft:wooden_pickaxe":1},"minecraft:mined":{"minecraft:kelp_plant":6,"minecraft:jungle_leaves":6,"minecraft:crafting_table":4,"minecraft:short_grass":33,"minecraft:grass_block":7,"minecraft:melon":87,"minecraft:jungle_log":9,"minecraft:copper_ore":12,"minecraft:kelp":2,"minecraft:sugar_cane":12,"minecraft:tall_seagrass":1,"minecraft:birch_log":48,"minecraft:fire":98,"minecraft:birch_leaves":17,"minecraft:pumpkin":10,"minecraft:oak_log":74,"minecraft:coal_ore":16,"minecraft:vine":5,"minecraft:dirt":12,"minecraft:bamboo":3,"minecraft:stone":64,"minecraft:oak_leaves":21,"minecraft:fern":10},"minecraft:killed_by":{"minecraft:player":1,"minecraft:skeleton":2,"minecraft:witch":1},"minecraft:custom":{"minecraft:mob_kills":12,"minecraft:interact_with_crafting_table":5,"minecraft:leave_game":4,"minecraft:time_since_death":27445,"minecraft:climb_one_cm":19118,"minecraft:time_since_rest":27970,"minecraft:sprint_one_cm":244760,"minecraft:damage_taken":2537,"minecraft:walk_one_cm":571907,"minecraft:damage_dealt":2094,"minecraft:swim_one_cm":45787,"minecraft:fly_one_cm":225138,"minecraft:open_chest":1,"minecraft:crouch_one_cm":134,"minecraft:play_time":106249,"minecraft:deaths":4,"minecraft:sneak_time":174,"minecraft:walk_under_water_one_cm":29142,"minecraft:jump":2126,"minecraft:walk_on_water_one_cm":23253,"minecraft:total_world_time":106249,"minecraft:fall_one_cm":39197},"minecraft:used":{"minecraft:stone_sword":52,"minecraft:stone_pickaxe":33,"minecraft:wooden_pickaxe":59,"minecraft:rotten_flesh":3,"minecraft:dirt":19,"minecraft:crafting_table":4,"minecraft:wooden_axe":59,"minecraft:apple":2,"minecraft:melon_slice":100,"minecraft:stone_axe":69},"minecraft:crafted":{"minecraft:oak_planks":24,"minecraft:crafting_table":2,"minecraft:wooden_pickaxe":1,"minecraft:stone_axe":1,"minecraft:stick":8,"minecraft:stone_pickaxe":1,"minecraft:wooden_axe":1,"minecraft:stone_sword":1,"minecraft:white_bed":1},"minecraft:picked_up":{"minecraft:birch_log":144,"minecraft:crafting_table":5,"minecraft:jungle_log":17,"minecraft:leather":2,"minecraft:oak_log":201,"minecraft:dirt":19,"minecraft:string":11,"minecraft:raw_copper":98,"minecraft:apple":3,"minecraft:kelp":50,"minecraft:wheat_seeds":7,"minecraft:beef":2,"minecraft:stone_pickaxe":2,"minecraft:jungle_sapling":2,"minecraft:bamboo":31,"minecraft:melon_slice":534,"minecraft:sugar_cane":47,"minecraft:birch_sapling":3,"minecraft:oak_planks":9,"minecraft:egg":10,"minecraft:stick":32,"minecraft:pumpkin":10,"minecraft:porkchop":4,"minecraft:spider_eye":3,"minecraft:stone_sword":2,"minecraft:rotten_flesh":7,"minecraft:stone_axe":2,"minecraft:oak_sapling":29,"minecraft:coal":16,"minecraft:mutton":6,"minecraft:white_wool":3,"minecraft:cobblestone":168},"minecraft:killed":{"minecraft:pig":1,"minecraft:spider":3,"minecraft:sheep":3,"minecraft:zombie":4,"minecraft:cow":1}},"DataVersion":3953}