{"stats":{"minecraft:broken":{"minecraft:wooden_axe":1,"minecraft:wooden_pickaxe":1},"minecraft:mined":{"minecraft:kelp_plant":11,"minecraft:jungle_leaves":8,"minecraft:crafting_table":4,"minecraft:short_grass":36,"minecraft:grass_block":7,"minecraft:melon":90,"minecraft:jungle_log":22,"minecraft:copper_ore":12,"minecraft:kelp":2,"minecraft:sugar_cane":14,"minecraft:seagrass":1,"minecraft:tall_seagrass":1,"minecraft:birch_log":59,"minecraft:fire":99,"minecraft:birch_leaves":26,"minecraft:pumpkin":27,"minecraft:oak_log":74,"minecraft:coal_ore":16,"minecraft:vine":5,"minecraft:dirt":12,"minecraft:bamboo":5,"minecraft:stone":64,"minecraft:oak_leaves":27,"minecraft:fern":12},"minecraft:killed_by":{"minecraft:player":1,"minecraft:skeleton":2,"minecraft:witch":1},"minecraft:custom":{"minecraft:mob_kills":12,"minecraft:interact_with_crafting_table":5,"minecraft:leave_game":4,"minecraft:time_since_death":51445,"minecraft:climb_one_cm":22976,"minecraft:time_since_rest":51970,"minecraft:sprint_one_cm":344093,"minecraft:damage_taken":2861,"minecraft:walk_one_cm":655044,"minecraft:drop":1,"minecraft:damage_dealt":2094,"minecraft:swim_one_cm":79999,"minecraft:fly_one_cm":377978,"minecraft:open_chest":2,"minecraft:crouch_one_cm":449,"minecraft:play_time":130249,"minecraft:deaths":4,"minecraft:sneak_time":263,"minecraft:walk_under_water_one_cm":36160,"minecraft:jump":2961,"minecraft:walk_on_water_one_cm":32861,"minecraft:total_world_time":130249,"minecraft:fall_one_cm":61418},"minecraft:used":{"minecraft:stone_sword":52,"minecraft:stone_pickaxe":33,"minecraft:wooden_pickaxe":59,"minecraft:rotten_flesh":3,"minecraft:dirt":19,"minecraft:crafting_table":4,"minecraft:wooden_axe":59,"minecraft:apple":3,"minecraft:melon_slice":132,"minecraft:stone_axe":69},"minecraft:dropped":{"minecraft:armadillo_scute":1},"minecraft:crafted":{"minecraft:oak_planks":24,"minecraft:crafting_table":2,"minecraft:wooden_pickaxe":1,"minecraft:stone_axe":1,"minecraft:stick":8,"minecraft:stone_pickaxe":1,"minecraft:wooden_axe":1,"minecraft:stone_sword":1,"minecraft:white_bed":1},"minecraft:picked_up":{"minecraft:birch_log":155,"minecraft:cocoa_beans":6,"minecraft:crafting_table":5,"minecraft:jungle_log":30,"minecraft:leather":2,"minecraft:oak_log":201,"minecraft:dirt":19,"minecraft:string":11,"minecraft:raw_copper":98,"minecraft:apple":3,"minecraft:kelp":87,"minecraft:wheat_seeds":8,"minecraft:beef":2,"minecraft:stone_pickaxe":2,"minecraft:jungle_sapling":3,"minecraft:bamboo":49,"minecraft:melon_slice":550,"minecraft:sugar_cane":55,"minecraft:birch_sapling":4,"minecraft:oak_planks":9,"minecraft:egg":14,"minecraft:stick":32,"minecraft:pumpkin":27,"minecraft:porkchop":4,"minecraft:spider_eye":3,"minecraft:stone_sword":2,"minecraft:rotten_flesh":7,"minecraft:stone_axe":2,"minecraft:armadillo_scute":1,"minecraft:oak_sapling":29,"minecraft:coal":16,"minecraft:mutton":6,"minecraft:white_wool":3,"minecraft:cobblestone":168},"minecraft:killed":{"minecraft:pig":1,"minecraft:spider":3,"minecraft:sheep":3,"minecraft:zombie":4,"minecraft:cow":1}},"DataVersion":3953}