{"stats":{"minecraft:broken":{"minecraft:wooden_shovel":1,"minecraft:wooden_axe":1,"minecraft:wooden_pickaxe":1},"minecraft:mined":{"minecraft:white_bed":2,"minecraft:dark_oak_leaves":2,"minecraft:kelp_plant":11,"minecraft:jungle_leaves":8,"minecraft:crafting_table":4,"minecraft:short_grass":49,"minecraft:grass_block":61,"minecraft:melon":104,"minecraft:jungle_log":22,"minecraft:copper_ore":12,"minecraft:spruce_leaves":7,"minecraft:sugar_cane":36,"minecraft:kelp":2,"minecraft:seagrass":1,"minecraft:tall_seagrass":1,"minecraft:birch_log":71,"minecraft:fire":99,"minecraft:sweet_berry_bush":30,"minecraft:spruce_log":7,"minecraft:birch_leaves":30,"minecraft:pumpkin":29,"minecraft:oak_log":87,"minecraft:coal_ore":16,"minecraft:vine":5,"minecraft:dirt":21,"minecraft:bamboo":5,"minecraft:stone":64,"minecraft:oak_leaves":36,"minecraft:fern":12},"minecraft:killed_by":{"minecraft:player":1,"minecraft:skeleton":2,"minecraft:witch":1,"minecraft:zombie":1},"minecraft:custom":{"minecraft:mob_kills":12,"minecraft:interact_with_crafting_table":7,"minecraft:leave_game":7,"minecraft:time_since_death":57765,"minecraft:sleep_in_bed":4,"minecraft:climb_one_cm":24032,"minecraft:time_since_rest":889,"minecraft:sprint_one_cm":650633,"minecraft:damage_taken":3580,"minecraft:walk_one_cm":1076734,"minecraft:drop":1,"minecraft:damage_dealt":2094,"minecraft:swim_one_cm":128123,"minecraft:fly_one_cm":625467,"minecraft:open_chest":4,"minecraft:crouch_one_cm":923,"minecraft:play_time":196757,"minecraft:deaths":5,"minecraft:sneak_time":390,"minecraft:walk_under_water_one_cm":47872,"minecraft:jump":4637,"minecraft:walk_on_water_one_cm":46559,"minecraft:total_world_time":196757,"minecraft:fall_one_cm":94396},"minecraft:used":{"minecraft:stone_sword":52,"minecraft:stone_pickaxe":33,"minecraft:wooden_pickaxe":59,"minecraft:wooden_shovel":66,"minecraft:rotten_flesh":3,"minecraft:dirt":21,"minecraft:crafting_table":5,"minecraft:white_bed":2,"minecraft:wooden_axe":59,"minecraft:apple":4,"minecraft:bread":4,"minecraft:melon_slice":138,"minecraft:stone_axe":69,"minecraft:sweet_berries":61},"minecraft:dropped":{"minecraft:armadillo_scute":1},"minecraft:crafted":{"minecraft:oak_planks":28,"minecraft:wooden_shovel":2,"minecraft:crafting_table":3,"minecraft:spruce_planks":4,"minecraft:wooden_pickaxe":1,"minecraft:stone_axe":1,"minecraft:stick":12,"minecraft:stone_pickaxe":1,"minecraft:wooden_axe":1,"minecraft:stone_sword":1,"minecraft:white_bed":1},"minecraft:picked_up":{"minecraft:birch_log":167,"minecraft:cocoa_beans":6,"minecraft:crafting_table":5,"minecraft:jungle_log":30,"minecraft:leather":2,"minecraft:oak_log":214,"minecraft:dirt":78,"minecraft:string":11,"minecraft:raw_copper":98,"minecraft:bone":1,"minecraft:apple":4,"minecraft:kelp":87,"minecraft:wheat_seeds":11,"minecraft:beef":2,"minecraft:stone_pickaxe":2,"minecraft:jungle_sapling":3,"minecraft:bamboo":49,"minecraft:melon_slice":618,"minecraft:sugar_cane":109,"minecraft:birch_sapling":5,"minecraft:oak_planks":9,"minecraft:egg":14,"minecraft:stick":33,"minecraft:pumpkin":29,"minecraft:sweet_berries":61,"minecraft:porkchop":4,"minecraft:spruce_sapling":1,"minecraft:white_bed":2,"minecraft:spruce_log":7,"minecraft:spider_eye":3,"minecraft:arrow":2,"minecraft:stone_sword":2,"minecraft:rotten_flesh":7,"minecraft:stone_axe":2,"minecraft:armadillo_scute":1,"minecraft:oak_sapling":31,"minecraft:coal":16,"minecraft:mutton":6,"minecraft:white_wool":3,"minecraft:cobblestone":168},"minecraft:killed":{"minecraft:pig":1,"minecraft:spider":3,"minecraft:sheep":3,"minecraft:zombie":4,"minecraft:cow":1}},"DataVersion":3953}