{"stats":{"minecraft:broken":{"minecraft:wooden_axe":1,"minecraft:wooden_pickaxe":1},"minecraft:mined":{"minecraft:tall_seagrass":1,"minecraft:kelp_plant":6,"minecraft:birch_log":48,"minecraft:jungle_leaves":1,"minecraft:birch_leaves":17,"minecraft:crafting_table":3,"minecraft:short_grass":1,"minecraft:grass_block":3,"minecraft:oak_log":69,"minecraft:vine":2,"minecraft:jungle_log":8,"minecraft:dirt":5,"minecraft:bamboo":1,"minecraft:stone":59,"minecraft:sugar_cane":3,"minecraft:kelp":2,"minecraft:oak_leaves":12,"minecraft:fern":1},"minecraft:killed_by":{"minecraft:player":1,"minecraft:witch":1},"minecraft:used":{"minecraft:wooden_axe":59,"minecraft:stone_sword":5,"minecraft:apple":2,"minecraft:wooden_pickaxe":59,"minecraft:stone_axe":69,"minecraft:dirt":5,"minecraft:crafting_table":3},"minecraft:custom":{"minecraft:time_since_rest":22456,"minecraft:sprint_one_cm":34277,"minecraft:damage_taken":748,"minecraft:walk_one_cm":192572,"minecraft:mob_kills":1,"minecraft:damage_dealt":180,"minecraft:swim_one_cm":18001,"minecraft:interact_with_crafting_table":4,"minecraft:fly_one_cm":33386,"minecraft:crouch_one_cm":32,"minecraft:play_time":37834,"minecraft:deaths":2,"minecraft:sneak_time":130,"minecraft:walk_under_water_one_cm":18908,"minecraft:jump":462,"minecraft:time_since_death":22392,"minecraft:walk_on_water_one_cm":12430,"minecraft:climb_one_cm":1681,"minecraft:total_world_time":37834,"minecraft:fall_one_cm":7394},"minecraft:crafted":{"minecraft:oak_planks":20,"minecraft:crafting_table":1,"minecraft:stick":8,"minecraft:wooden_pickaxe":1,"minecraft:stone_pickaxe":1,"minecraft:wooden_axe":1,"minecraft:stone_sword":1,"minecraft:stone_axe":1},"minecraft:picked_up":{"minecraft:birch_log":96,"minecraft:stick":21,"minecraft:crafting_table":3,"minecraft:jungle_log":8,"minecraft:oak_log":133,"minecraft:string":2,"minecraft:spider_eye":2,"minecraft:dirt":8,"minecraft:stone_sword":1,"minecraft:apple":2,"minecraft:kelp":50,"minecraft:stone_axe":1,"minecraft:stone_pickaxe":1,"minecraft:jungle_sapling":1,"minecraft:bamboo":11,"minecraft:oak_sapling":18,"minecraft:sugar_cane":8,"minecraft:oak_planks":6,"minecraft:birch_sapling":2,"minecraft:cobblestone":110,"minecraft:egg":2},"minecraft:killed":{"minecraft:spider":1}},"DataVersion":3953}