{"stats":{"minecraft:broken":{"minecraft:wooden_axe":1,"minecraft:wooden_pickaxe":1},"minecraft:mined":{"minecraft:kelp_plant":6,"minecraft:jungle_leaves":2,"minecraft:crafting_table":4,"minecraft:short_grass":5,"minecraft:grass_block":3,"minecraft:melon":28,"minecraft:jungle_log":8,"minecraft:copper_ore":12,"minecraft:kelp":2,"minecraft:sugar_cane":7,"minecraft:tall_seagrass":1,"minecraft:birch_log":48,"minecraft:birch_leaves":17,"minecraft:oak_log":69,"minecraft:vine":2,"minecraft:dirt":8,"minecraft:bamboo":1,"minecraft:stone":61,"minecraft:oak_leaves":12,"minecraft:fern":1},"minecraft:killed_by":{"minecraft:player":1,"minecraft:witch":1},"minecraft:custom":{"minecraft:mob_kills":12,"minecraft:interact_with_crafting_table":5,"minecraft:leave_game":1,"minecraft:time_since_death":44380,"minecraft:climb_one_cm":3299,"minecraft:time_since_rest":44444,"minecraft:sprint_one_cm":44040,"minecraft:damage_taken":1423,"minecraft:walk_one_cm":338976,"minecraft:damage_dealt":2094,"minecraft:swim_one_cm":34078,"minecraft:fly_one_cm":61159,"minecraft:crouch_one_cm":134,"minecraft:play_time":59822,"minecraft:deaths":2,"minecraft:sneak_time":172,"minecraft:walk_under_water_one_cm":27140,"minecraft:jump":784,"minecraft:walk_on_water_one_cm":20694,"minecraft:total_world_time":59822,"minecraft:fall_one_cm":11165},"minecraft:used":{"minecraft:stone_sword":52,"minecraft:stone_pickaxe":14,"minecraft:wooden_pickaxe":59,"minecraft:rotten_flesh":3,"minecraft:dirt":11,"minecraft:crafting_table":4,"minecraft:wooden_axe":59,"minecraft:apple":2,"minecraft:melon_slice":40,"minecraft:stone_axe":69},"minecraft:crafted":{"minecraft:oak_planks":24,"minecraft:crafting_table":2,"minecraft:wooden_pickaxe":1,"minecraft:stone_axe":1,"minecraft:stick":8,"minecraft:stone_pickaxe":1,"minecraft:wooden_axe":1,"minecraft:stone_sword":1,"minecraft:white_bed":1},"minecraft:picked_up":{"minecraft:birch_log":96,"minecraft:crafting_table":4,"minecraft:jungle_log":8,"minecraft:leather":1,"minecraft:oak_log":133,"minecraft:string":6,"minecraft:dirt":11,"minecraft:raw_copper":49,"minecraft:apple":2,"minecraft:kelp":50,"minecraft:wheat_seeds":2,"minecraft:beef":1,"minecraft:stone_pickaxe":1,"minecraft:jungle_sapling":1,"minecraft:bamboo":11,"minecraft:melon_slice":146,"minecraft:sugar_cane":18,"minecraft:birch_sapling":2,"minecraft:oak_planks":6,"minecraft:egg":2,"minecraft:stick":21,"minecraft:porkchop":2,"minecraft:spider_eye":2,"minecraft:stone_sword":1,"minecraft:rotten_flesh":5,"minecraft:stone_axe":1,"minecraft:oak_sapling":18,"minecraft:mutton":3,"minecraft:white_wool":3,"minecraft:cobblestone":112},"minecraft:killed":{"minecraft:pig":1,"minecraft:spider":3,"minecraft:sheep":3,"minecraft:zombie":4,"minecraft:cow":1}},"DataVersion":3953}