{"stats":{"minecraft:broken":{"minecraft:wooden_axe":1,"minecraft:wooden_pickaxe":1},"minecraft:mined":{"minecraft:tall_seagrass":1,"minecraft:kelp_plant":6,"minecraft:birch_log":48,"minecraft:jungle_leaves":1,"minecraft:birch_leaves":17,"minecraft:crafting_table":3,"minecraft:short_grass":3,"minecraft:grass_block":3,"minecraft:oak_log":69,"minecraft:melon":8,"minecraft:vine":2,"minecraft:jungle_log":8,"minecraft:dirt":8,"minecraft:copper_ore":12,"minecraft:bamboo":1,"minecraft:stone":61,"minecraft:sugar_cane":4,"minecraft:kelp":2,"minecraft:oak_leaves":12,"minecraft:fern":1},"minecraft:killed_by":{"minecraft:player":1,"minecraft:witch":1},"minecraft:used":{"minecraft:wooden_axe":59,"minecraft:stone_sword":11,"minecraft:apple":2,"minecraft:melon_slice":8,"minecraft:stone_pickaxe":14,"minecraft:wooden_pickaxe":59,"minecraft:stone_axe":69,"minecraft:dirt":11,"minecraft:crafting_table":3},"minecraft:custom":{"minecraft:time_since_rest":32444,"minecraft:sprint_one_cm":34277,"minecraft:damage_taken":748,"minecraft:walk_one_cm":265409,"minecraft:mob_kills":3,"minecraft:damage_dealt":380,"minecraft:swim_one_cm":18001,"minecraft:interact_with_crafting_table":4,"minecraft:fly_one_cm":33465,"minecraft:crouch_one_cm":134,"minecraft:play_time":47822,"minecraft:deaths":2,"minecraft:sneak_time":147,"minecraft:walk_under_water_one_cm":20558,"minecraft:jump":556,"minecraft:leave_game":1,"minecraft:time_since_death":32380,"minecraft:walk_on_water_one_cm":13845,"minecraft:total_world_time":47822,"minecraft:climb_one_cm":2339,"minecraft:fall_one_cm":7872},"minecraft:crafted":{"minecraft:oak_planks":20,"minecraft:crafting_table":1,"minecraft:stick":8,"minecraft:wooden_pickaxe":1,"minecraft:stone_pickaxe":1,"minecraft:wooden_axe":1,"minecraft:stone_sword":1,"minecraft:stone_axe":1},"minecraft:picked_up":{"minecraft:birch_log":96,"minecraft:stick":21,"minecraft:crafting_table":3,"minecraft:jungle_log":8,"minecraft:leather":1,"minecraft:porkchop":2,"minecraft:oak_log":133,"minecraft:spider_eye":2,"minecraft:dirt":11,"minecraft:string":2,"minecraft:raw_copper":49,"minecraft:stone_sword":1,"minecraft:apple":2,"minecraft:kelp":50,"minecraft:stone_axe":1,"minecraft:wheat_seeds":1,"minecraft:beef":1,"minecraft:stone_pickaxe":1,"minecraft:melon_slice":41,"minecraft:jungle_sapling":1,"minecraft:bamboo":11,"minecraft:oak_sapling":18,"minecraft:sugar_cane":11,"minecraft:birch_sapling":2,"minecraft:oak_planks":6,"minecraft:cobblestone":112,"minecraft:egg":2},"minecraft:killed":{"minecraft:pig":1,"minecraft:spider":1,"minecraft:cow":1}},"DataVersion":3953}