{"stats":{"minecraft:mined":{"minecraft:white_bed":1,"minecraft:oak_door":2,"minecraft:cherry_log":55,"minecraft:crafting_table":6,"minecraft:torch":3,"minecraft:short_grass":18,"minecraft:grass_block":61,"minecraft:tall_grass":15,"minecraft:copper_ore":9,"minecraft:cobblestone":18,"minecraft:sugar_cane":9,"minecraft:oak_planks":1,"minecraft:wall_torch":4,"minecraft:pink_petals":6,"minecraft:furnace":1,"minecraft:iron_ore":2,"minecraft:pumpkin":14,"minecraft:oak_log":16,"minecraft:coal_ore":184,"minecraft:cherry_leaves":63,"minecraft:gravel":40,"minecraft:sand":60,"minecraft:dirt":45,"minecraft:stone":409},"minecraft:broken":{"minecraft:stone_pickaxe":4,"minecraft:stone_axe":1,"minecraft:stone_shovel":1},"minecraft:custom":{"minecraft:interact_with_furnace":14,"minecraft:mob_kills":48,"minecraft:interact_with_crafting_table":17,"minecraft:leave_game":3,"minecraft:time_since_death":107052,"minecraft:sleep_in_bed":4,"minecraft:time_since_rest":6617,"minecraft:sprint_one_cm":151203,"minecraft:damage_taken":715,"minecraft:walk_one_cm":500569,"minecraft:damage_blocked_by_shield":705,"minecraft:drop":12,"minecraft:damage_dealt":6771,"minecraft:swim_one_cm":50325,"minecraft:fly_one_cm":57947,"minecraft:open_chest":6,"minecraft:crouch_one_cm":32773,"minecraft:play_time":107052,"minecraft:sneak_time":9898,"minecraft:walk_under_water_one_cm":19565,"minecraft:jump":883,"minecraft:walk_on_water_one_cm":17758,"minecraft:total_world_time":107052,"minecraft:fall_one_cm":4643},"minecraft:used":{"minecraft:cooked_mutton":2,"minecraft:cherry_sapling":9,"minecraft:stone_sword":23,"minecraft:stone_pickaxe":612,"minecraft:stone_shovel":175,"minecraft:oak_planks":16,"minecraft:wooden_pickaxe":18,"minecraft:chest":2,"minecraft:shield":13,"minecraft:cooked_salmon":7,"minecraft:oak_door":3,"minecraft:torch":60,"minecraft:dirt":47,"minecraft:crafting_table":10,"minecraft:white_bed":2,"minecraft:stone_axe":186,"minecraft:pink_petals":60,"minecraft:cobblestone":194,"minecraft:furnace":2,"minecraft:cooked_porkchop":4},"minecraft:dropped":{"minecraft:wheat_seeds":1,"minecraft:cobblestone":1,"minecraft:oak_planks":1,"minecraft:dirt":1,"minecraft:wooden_pickaxe":1,"minecraft:pink_petals":10},"minecraft:crafted":{"minecraft:cherry_planks":20,"minecraft:oak_door":3,"minecraft:oak_planks":64,"minecraft:stone_shovel":2,"minecraft:cooked_porkchop":4,"minecraft:crafting_table":4,"minecraft:wooden_pickaxe":1,"minecraft:furnace":1,"minecraft:cooked_salmon":7,"minecraft:stone_axe":2,"minecraft:cooked_mutton":6,"minecraft:air":0,"minecraft:shield":1,"minecraft:stick":36,"minecraft:iron_ingot":2,"minecraft:stone_pickaxe":5,"minecraft:stone_sword":1,"minecraft:chest":2,"minecraft:white_bed":1,"minecraft:torch":56},"minecraft:picked_up":{"minecraft:pink_petals":70,"minecraft:crafting_table":6,"minecraft:salmon":7,"minecraft:brown_wool":1,"minecraft:leather":10,"minecraft:flint":4,"minecraft:oak_log":16,"minecraft:gunpowder":4,"minecraft:dirt":114,"minecraft:string":3,"minecraft:raw_copper":40,"minecraft:bone":3,"minecraft:wheat_seeds":9,"minecraft:beef":16,"minecraft:sugar_cane":24,"minecraft:birch_sapling":1,"minecraft:oak_planks":1,"minecraft:furnace":1,"minecraft:stick":14,"minecraft:raw_iron":2,"minecraft:oak_door":2,"minecraft:pumpkin":14,"minecraft:torch":8,"minecraft:gravel":39,"minecraft:porkchop":4,"minecraft:sand":60,"minecraft:cherry_log":55,"minecraft:white_bed":1,"minecraft:spider_eye":2,"minecraft:arrow":1,"minecraft:rotten_flesh":11,"minecraft:cherry_sapling":21,"minecraft:mutton":6,"minecraft:coal":183,"minecraft:white_wool":3,"minecraft:cobblestone":403},"minecraft:killed":{"minecraft:pig":2,"minecraft:salmon":7,"minecraft:spider":5,"minecraft:creeper":3,"minecraft:skeleton":2,"minecraft:sheep":4,"minecraft:zombie":15,"minecraft:drowned":2,"minecraft:cow":7}},"DataVersion":3953}