{"stats":{"minecraft:mined":{"minecraft:oak_door":2,"minecraft:crafting_table":4,"minecraft:torch":1,"minecraft:grass_block":5,"minecraft:copper_ore":4,"minecraft:oak_planks":1,"minecraft:sugar_cane":9,"minecraft:wall_torch":1,"minecraft:furnace":1,"minecraft:iron_ore":2,"minecraft:pumpkin":14,"minecraft:coal_ore":32,"minecraft:oak_log":16,"minecraft:gravel":7,"minecraft:sand":60,"minecraft:dirt":5,"minecraft:stone":23},"minecraft:used":{"minecraft:stone_pickaxe":45,"minecraft:stone_shovel":55,"minecraft:oak_planks":16,"minecraft:wooden_pickaxe":18,"minecraft:shield":2,"minecraft:cooked_salmon":3,"minecraft:oak_door":3,"minecraft:torch":4,"minecraft:dirt":2,"minecraft:crafting_table":5,"minecraft:stone_axe":78,"minecraft:furnace":1},"minecraft:custom":{"minecraft:interact_with_furnace":7,"minecraft:mob_kills":30,"minecraft:interact_with_crafting_table":6,"minecraft:time_since_death":26181,"minecraft:time_since_rest":26181,"minecraft:sprint_one_cm":39844,"minecraft:damage_taken":140,"minecraft:walk_one_cm":103997,"minecraft:damage_blocked_by_shield":60,"minecraft:damage_dealt":3282,"minecraft:swim_one_cm":50325,"minecraft:fly_one_cm":15329,"minecraft:crouch_one_cm":376,"minecraft:play_time":26181,"minecraft:sneak_time":312,"minecraft:walk_under_water_one_cm":19565,"minecraft:jump":172,"minecraft:walk_on_water_one_cm":17758,"minecraft:total_world_time":26181,"minecraft:fall_one_cm":209},"minecraft:crafted":{"minecraft:oak_door":3,"minecraft:oak_planks":40,"minecraft:stone_shovel":1,"minecraft:crafting_table":1,"minecraft:wooden_pickaxe":1,"minecraft:furnace":1,"minecraft:cooked_salmon":5,"minecraft:stone_axe":1,"minecraft:air":0,"minecraft:shield":1,"minecraft:stick":12,"minecraft:iron_ingot":2,"minecraft:stone_pickaxe":1,"minecraft:torch":24},"minecraft:picked_up":{"minecraft:crafting_table":4,"minecraft:salmon":7,"minecraft:brown_wool":1,"minecraft:leather":8,"minecraft:oak_log":16,"minecraft:dirt":19,"minecraft:string":2,"minecraft:raw_copper":14,"minecraft:beef":15,"minecraft:sugar_cane":24,"minecraft:birch_sapling":1,"minecraft:oak_planks":1,"minecraft:furnace":1,"minecraft:stick":2,"minecraft:raw_iron":2,"minecraft:oak_door":2,"minecraft:pumpkin":14,"minecraft:torch":2,"minecraft:gravel":10,"minecraft:porkchop":4,"minecraft:sand":60,"minecraft:spider_eye":2,"minecraft:rotten_flesh":8,"minecraft:mutton":6,"minecraft:coal":29,"minecraft:white_wool":3,"minecraft:cobblestone":23},"minecraft:killed":{"minecraft:pig":2,"minecraft:salmon":7,"minecraft:spider":4,"minecraft:sheep":4,"minecraft:zombie":4,"minecraft:drowned":2,"minecraft:cow":6}},"DataVersion":3953}