{"stats":{"minecraft:mined":{"minecraft:oak_door":2,"minecraft:cherry_log":11,"minecraft:crafting_table":4,"minecraft:torch":1,"minecraft:short_grass":1,"minecraft:grass_block":13,"minecraft:copper_ore":9,"minecraft:cobblestone":4,"minecraft:sugar_cane":9,"minecraft:oak_planks":1,"minecraft:wall_torch":2,"minecraft:furnace":1,"minecraft:iron_ore":2,"minecraft:pumpkin":14,"minecraft:oak_log":16,"minecraft:coal_ore":89,"minecraft:cherry_leaves":8,"minecraft:gravel":7,"minecraft:sand":60,"minecraft:dirt":19,"minecraft:stone":84},"minecraft:broken":{"minecraft:stone_pickaxe":1,"minecraft:stone_axe":1},"minecraft:used":{"minecraft:stone_pickaxe":176,"minecraft:stone_shovel":73,"minecraft:oak_planks":16,"minecraft:wooden_pickaxe":18,"minecraft:shield":10,"minecraft:cooked_salmon":5,"minecraft:oak_door":3,"minecraft:torch":22,"minecraft:dirt":39,"minecraft:crafting_table":8,"minecraft:stone_axe":104,"minecraft:pink_petals":1,"minecraft:cobblestone":18,"minecraft:furnace":2,"minecraft:cooked_porkchop":1},"minecraft:custom":{"minecraft:interact_with_furnace":9,"minecraft:mob_kills":37,"minecraft:interact_with_crafting_table":9,"minecraft:leave_game":1,"minecraft:time_since_death":47914,"minecraft:time_since_rest":47914,"minecraft:sprint_one_cm":53771,"minecraft:damage_taken":440,"minecraft:walk_one_cm":194074,"minecraft:damage_blocked_by_shield":555,"minecraft:damage_dealt":4562,"minecraft:swim_one_cm":50325,"minecraft:fly_one_cm":24876,"minecraft:crouch_one_cm":7077,"minecraft:play_time":47914,"minecraft:sneak_time":2187,"minecraft:walk_under_water_one_cm":19565,"minecraft:jump":367,"minecraft:walk_on_water_one_cm":17758,"minecraft:total_world_time":47914,"minecraft:fall_one_cm":1434},"minecraft:crafted":{"minecraft:oak_door":3,"minecraft:oak_planks":64,"minecraft:stone_shovel":1,"minecraft:cooked_porkchop":1,"minecraft:crafting_table":4,"minecraft:wooden_pickaxe":1,"minecraft:furnace":1,"minecraft:cooked_salmon":5,"minecraft:stone_axe":2,"minecraft:air":0,"minecraft:shield":1,"minecraft:stick":16,"minecraft:iron_ingot":2,"minecraft:stone_pickaxe":2,"minecraft:torch":24},"minecraft:picked_up":{"minecraft:pink_petals":1,"minecraft:crafting_table":4,"minecraft:salmon":7,"minecraft:brown_wool":1,"minecraft:leather":10,"minecraft:oak_log":16,"minecraft:gunpowder":4,"minecraft:dirt":39,"minecraft:string":2,"minecraft:raw_copper":40,"minecraft:bone":1,"minecraft:beef":16,"minecraft:sugar_cane":24,"minecraft:birch_sapling":1,"minecraft:oak_planks":1,"minecraft:furnace":1,"minecraft:stick":3,"minecraft:raw_iron":2,"minecraft:oak_door":2,"minecraft:pumpkin":14,"minecraft:torch":3,"minecraft:gravel":10,"minecraft:porkchop":4,"minecraft:sand":60,"minecraft:cherry_log":11,"minecraft:spider_eye":2,"minecraft:arrow":1,"minecraft:rotten_flesh":9,"minecraft:mutton":6,"minecraft:coal":89,"minecraft:white_wool":3,"minecraft:cobblestone":88},"minecraft:killed":{"minecraft:pig":2,"minecraft:salmon":7,"minecraft:spider":4,"minecraft:creeper":3,"minecraft:sheep":4,"minecraft:skeleton":1,"minecraft:zombie":6,"minecraft:drowned":2,"minecraft:cow":7}},"DataVersion":3953}