{"stats":{"minecraft:mined":{"minecraft:oak_door":2,"minecraft:cherry_log":11,"minecraft:crafting_table":4,"minecraft:torch":1,"minecraft:short_grass":1,"minecraft:grass_block":13,"minecraft:copper_ore":9,"minecraft:cobblestone":7,"minecraft:sugar_cane":9,"minecraft:oak_planks":1,"minecraft:wall_torch":2,"minecraft:furnace":1,"minecraft:iron_ore":2,"minecraft:pumpkin":14,"minecraft:oak_log":16,"minecraft:coal_ore":154,"minecraft:cherry_leaves":8,"minecraft:gravel":33,"minecraft:sand":60,"minecraft:dirt":22,"minecraft:stone":133},"minecraft:broken":{"minecraft:stone_pickaxe":2,"minecraft:stone_axe":1},"minecraft:used":{"minecraft:stone_pickaxe":294,"minecraft:stone_shovel":99,"minecraft:oak_planks":16,"minecraft:wooden_pickaxe":18,"minecraft:shield":12,"minecraft:cooked_salmon":5,"minecraft:oak_door":3,"minecraft:torch":35,"minecraft:dirt":41,"minecraft:crafting_table":8,"minecraft:white_bed":1,"minecraft:stone_axe":106,"minecraft:pink_petals":1,"minecraft:cobblestone":55,"minecraft:furnace":2,"minecraft:cooked_porkchop":2},"minecraft:custom":{"minecraft:interact_with_furnace":14,"minecraft:mob_kills":38,"minecraft:interact_with_crafting_table":13,"minecraft:leave_game":1,"minecraft:time_since_death":59914,"minecraft:sleep_in_bed":1,"minecraft:time_since_rest":0,"minecraft:sprint_one_cm":65923,"minecraft:damage_taken":440,"minecraft:walk_one_cm":250825,"minecraft:damage_blocked_by_shield":675,"minecraft:damage_dealt":4762,"minecraft:swim_one_cm":50325,"minecraft:fly_one_cm":26702,"minecraft:crouch_one_cm":12714,"minecraft:play_time":59914,"minecraft:sneak_time":3755,"minecraft:walk_under_water_one_cm":19565,"minecraft:jump":458,"minecraft:walk_on_water_one_cm":17758,"minecraft:total_world_time":59914,"minecraft:fall_one_cm":1703},"minecraft:crafted":{"minecraft:oak_door":3,"minecraft:oak_planks":64,"minecraft:stone_shovel":1,"minecraft:cooked_porkchop":4,"minecraft:crafting_table":4,"minecraft:wooden_pickaxe":1,"minecraft:furnace":1,"minecraft:cooked_salmon":7,"minecraft:stone_axe":2,"minecraft:cooked_mutton":6,"minecraft:air":0,"minecraft:shield":1,"minecraft:stick":28,"minecraft:iron_ingot":2,"minecraft:stone_pickaxe":3,"minecraft:stone_sword":1,"minecraft:white_bed":1,"minecraft:torch":56},"minecraft:picked_up":{"minecraft:pink_petals":1,"minecraft:crafting_table":4,"minecraft:salmon":7,"minecraft:brown_wool":1,"minecraft:leather":10,"minecraft:flint":2,"minecraft:oak_log":16,"minecraft:gunpowder":4,"minecraft:dirt":42,"minecraft:string":2,"minecraft:raw_copper":40,"minecraft:bone":3,"minecraft:beef":16,"minecraft:sugar_cane":24,"minecraft:birch_sapling":1,"minecraft:oak_planks":1,"minecraft:furnace":1,"minecraft:stick":3,"minecraft:raw_iron":2,"minecraft:oak_door":2,"minecraft:pumpkin":14,"minecraft:torch":4,"minecraft:gravel":34,"minecraft:porkchop":4,"minecraft:sand":60,"minecraft:cherry_log":11,"minecraft:spider_eye":2,"minecraft:arrow":1,"minecraft:rotten_flesh":9,"minecraft:mutton":6,"minecraft:coal":153,"minecraft:white_wool":3,"minecraft:cobblestone":134},"minecraft:killed":{"minecraft:pig":2,"minecraft:salmon":7,"minecraft:spider":4,"minecraft:creeper":3,"minecraft:sheep":4,"minecraft:skeleton":2,"minecraft:zombie":6,"minecraft:drowned":2,"minecraft:cow":7}},"DataVersion":3953}