{"stats":{"minecraft:broken":{"minecraft:stone_axe":1},"minecraft:mined":{"minecraft:oak_door":2,"minecraft:cherry_log":11,"minecraft:crafting_table":4,"minecraft:torch":1,"minecraft:short_grass":1,"minecraft:grass_block":13,"minecraft:copper_ore":8,"minecraft:oak_planks":1,"minecraft:sugar_cane":9,"minecraft:wall_torch":2,"minecraft:furnace":1,"minecraft:iron_ore":2,"minecraft:pumpkin":14,"minecraft:coal_ore":37,"minecraft:oak_log":16,"minecraft:cherry_leaves":8,"minecraft:gravel":7,"minecraft:sand":60,"minecraft:dirt":17,"minecraft:stone":48},"minecraft:used":{"minecraft:stone_pickaxe":81,"minecraft:stone_shovel":73,"minecraft:oak_planks":16,"minecraft:wooden_pickaxe":18,"minecraft:shield":4,"minecraft:cooked_salmon":4,"minecraft:oak_door":3,"minecraft:torch":11,"minecraft:dirt":14,"minecraft:crafting_table":6,"minecraft:stone_axe":96,"minecraft:pink_petals":1,"minecraft:furnace":1},"minecraft:custom":{"minecraft:interact_with_furnace":7,"minecraft:mob_kills":34,"minecraft:interact_with_crafting_table":7,"minecraft:time_since_death":38181,"minecraft:time_since_rest":38181,"minecraft:sprint_one_cm":49721,"minecraft:damage_taken":200,"minecraft:walk_one_cm":146510,"minecraft:damage_blocked_by_shield":195,"minecraft:damage_dealt":3982,"minecraft:swim_one_cm":50325,"minecraft:fly_one_cm":23271,"minecraft:crouch_one_cm":5572,"minecraft:play_time":38181,"minecraft:sneak_time":1793,"minecraft:walk_under_water_one_cm":19565,"minecraft:jump":308,"minecraft:walk_on_water_one_cm":17758,"minecraft:total_world_time":38181,"minecraft:fall_one_cm":1165},"minecraft:crafted":{"minecraft:oak_door":3,"minecraft:oak_planks":64,"minecraft:stone_shovel":1,"minecraft:crafting_table":2,"minecraft:wooden_pickaxe":1,"minecraft:furnace":1,"minecraft:cooked_salmon":5,"minecraft:stone_axe":2,"minecraft:air":0,"minecraft:shield":1,"minecraft:stick":16,"minecraft:iron_ingot":2,"minecraft:stone_pickaxe":1,"minecraft:torch":24},"minecraft:picked_up":{"minecraft:pink_petals":1,"minecraft:crafting_table":4,"minecraft:salmon":7,"minecraft:brown_wool":1,"minecraft:leather":10,"minecraft:oak_log":16,"minecraft:dirt":39,"minecraft:string":2,"minecraft:raw_copper":35,"minecraft:beef":16,"minecraft:sugar_cane":24,"minecraft:birch_sapling":1,"minecraft:oak_planks":1,"minecraft:furnace":1,"minecraft:stick":3,"minecraft:raw_iron":2,"minecraft:oak_door":2,"minecraft:pumpkin":14,"minecraft:torch":3,"minecraft:gravel":10,"minecraft:porkchop":4,"minecraft:sand":60,"minecraft:cherry_log":11,"minecraft:spider_eye":2,"minecraft:rotten_flesh":8,"minecraft:mutton":6,"minecraft:coal":37,"minecraft:white_wool":3,"minecraft:cobblestone":48},"minecraft:killed":{"minecraft:pig":2,"minecraft:salmon":7,"minecraft:spider":4,"minecraft:creeper":3,"minecraft:sheep":4,"minecraft:zombie":4,"minecraft:drowned":2,"minecraft:cow":7}},"DataVersion":3953}