{"stats":{"minecraft:mined":{"minecraft:white_bed":1,"minecraft:oak_door":2,"minecraft:cherry_log":55,"minecraft:crafting_table":6,"minecraft:torch":3,"minecraft:short_grass":18,"minecraft:grass_block":61,"minecraft:tall_grass":15,"minecraft:copper_ore":9,"minecraft:cobblestone":20,"minecraft:sugar_cane":9,"minecraft:oak_planks":1,"minecraft:wall_torch":4,"minecraft:pink_petals":6,"minecraft:furnace":1,"minecraft:iron_ore":15,"minecraft:pumpkin":14,"minecraft:oak_log":16,"minecraft:coal_ore":189,"minecraft:cherry_leaves":63,"minecraft:gravel":40,"minecraft:sand":60,"minecraft:dirt":45,"minecraft:stone":418},"minecraft:broken":{"minecraft:stone_pickaxe":4,"minecraft:stone_axe":2,"minecraft:stone_shovel":1},"minecraft:custom":{"minecraft:interact_with_furnace":14,"minecraft:mob_kills":64,"minecraft:interact_with_crafting_table":20,"minecraft:leave_game":3,"minecraft:time_since_death":119052,"minecraft:sleep_in_bed":4,"minecraft:time_since_rest":18617,"minecraft:sprint_one_cm":190587,"minecraft:damage_taken":791,"minecraft:walk_one_cm":550949,"minecraft:damage_blocked_by_shield":705,"minecraft:drop":12,"minecraft:damage_dealt":9857,"minecraft:swim_one_cm":50325,"minecraft:fly_one_cm":80230,"minecraft:open_chest":11,"minecraft:crouch_one_cm":37053,"minecraft:play_time":119052,"minecraft:sneak_time":11350,"minecraft:walk_under_water_one_cm":19565,"minecraft:jump":1017,"minecraft:walk_on_water_one_cm":17758,"minecraft:total_world_time":119052,"minecraft:fall_one_cm":7211},"minecraft:used":{"minecraft:cooked_mutton":4,"minecraft:cherry_sapling":9,"minecraft:stone_sword":42,"minecraft:stone_pickaxe":641,"minecraft:stone_shovel":175,"minecraft:oak_planks":16,"minecraft:wooden_pickaxe":18,"minecraft:chest":2,"minecraft:shield":13,"minecraft:cooked_salmon":7,"minecraft:oak_door":3,"minecraft:torch":100,"minecraft:dirt":47,"minecraft:crafting_table":10,"minecraft:white_bed":2,"minecraft:stone_axe":217,"minecraft:pink_petals":60,"minecraft:cobblestone":237,"minecraft:furnace":2,"minecraft:cooked_porkchop":4},"minecraft:dropped":{"minecraft:wheat_seeds":1,"minecraft:cobblestone":1,"minecraft:oak_planks":1,"minecraft:dirt":1,"minecraft:wooden_pickaxe":1,"minecraft:pink_petals":10},"minecraft:crafted":{"minecraft:cherry_planks":24,"minecraft:oak_door":3,"minecraft:oak_planks":64,"minecraft:stone_shovel":2,"minecraft:cooked_porkchop":4,"minecraft:crafting_table":4,"minecraft:wooden_pickaxe":1,"minecraft:furnace":1,"minecraft:cooked_salmon":7,"minecraft:stone_axe":3,"minecraft:cooked_mutton":6,"minecraft:air":0,"minecraft:shield":1,"minecraft:stick":44,"minecraft:iron_ingot":2,"minecraft:stone_pickaxe":6,"minecraft:stone_sword":1,"minecraft:chest":2,"minecraft:white_bed":1,"minecraft:torch":112,"minecraft:stone_hoe":1},"minecraft:picked_up":{"minecraft:pink_petals":70,"minecraft:crafting_table":6,"minecraft:salmon":7,"minecraft:brown_wool":1,"minecraft:leather":10,"minecraft:flint":4,"minecraft:oak_log":16,"minecraft:gunpowder":6,"minecraft:dirt":114,"minecraft:string":4,"minecraft:raw_copper":40,"minecraft:bone":3,"minecraft:wheat_seeds":9,"minecraft:beef":16,"minecraft:sugar_cane":24,"minecraft:birch_sapling":1,"minecraft:oak_planks":1,"minecraft:furnace":1,"minecraft:stick":14,"minecraft:raw_iron":15,"minecraft:oak_door":2,"minecraft:pumpkin":14,"minecraft:torch":8,"minecraft:gravel":39,"minecraft:porkchop":4,"minecraft:sand":60,"minecraft:cherry_log":55,"minecraft:white_bed":1,"minecraft:spider_eye":2,"minecraft:arrow":1,"minecraft:rotten_flesh":27,"minecraft:cherry_sapling":21,"minecraft:mutton":6,"minecraft:coal":188,"minecraft:white_wool":3,"minecraft:cobblestone":414},"minecraft:killed":{"minecraft:pig":2,"minecraft:salmon":7,"minecraft:spider":6,"minecraft:creeper":7,"minecraft:skeleton":2,"minecraft:sheep":4,"minecraft:zombie":25,"minecraft:silverfish":1,"minecraft:drowned":2,"minecraft:cow":7}},"DataVersion":3953}