{"stats":{"minecraft:mined":{"minecraft:furnace":1,"minecraft:oak_door":2,"minecraft:iron_ore":2,"minecraft:crafting_table":4,"minecraft:grass_block":3,"minecraft:oak_log":16,"minecraft:coal_ore":24,"minecraft:gravel":7,"minecraft:sand":12,"minecraft:dirt":1,"minecraft:stone":23,"minecraft:oak_planks":1,"minecraft:wall_torch":1},"minecraft:used":{"minecraft:stone_shovel":7,"minecraft:stone_pickaxe":33,"minecraft:oak_planks":16,"minecraft:wooden_pickaxe":18,"minecraft:cooked_salmon":1,"minecraft:stone_axe":24,"minecraft:oak_door":3,"minecraft:torch":3,"minecraft:crafting_table":4,"minecraft:furnace":1},"minecraft:custom":{"minecraft:time_since_rest":14181,"minecraft:interact_with_furnace":7,"minecraft:sprint_one_cm":8573,"minecraft:damage_taken":95,"minecraft:walk_one_cm":30742,"minecraft:mob_kills":8,"minecraft:damage_dealt":671,"minecraft:swim_one_cm":31734,"minecraft:interact_with_crafting_table":6,"minecraft:fly_one_cm":1631,"minecraft:crouch_one_cm":280,"minecraft:play_time":14181,"minecraft:sneak_time":197,"minecraft:walk_under_water_one_cm":14254,"minecraft:jump":39,"minecraft:time_since_death":14181,"minecraft:walk_on_water_one_cm":5620,"minecraft:total_world_time":14181},"minecraft:crafted":{"minecraft:oak_door":3,"minecraft:oak_planks":40,"minecraft:stone_shovel":1,"minecraft:shield":1,"minecraft:crafting_table":1,"minecraft:stick":12,"minecraft:iron_ingot":2,"minecraft:wooden_pickaxe":1,"minecraft:stone_pickaxe":1,"minecraft:furnace":1,"minecraft:cooked_salmon":5,"minecraft:torch":24,"minecraft:stone_axe":1,"minecraft:air":0},"minecraft:picked_up":{"minecraft:crafting_table":4,"minecraft:stick":2,"minecraft:raw_iron":2,"minecraft:oak_door":2,"minecraft:salmon":5,"minecraft:torch":1,"minecraft:gravel":10,"minecraft:sand":12,"minecraft:oak_log":16,"minecraft:string":2,"minecraft:dirt":4,"minecraft:rotten_flesh":1,"minecraft:birch_sapling":1,"minecraft:oak_planks":1,"minecraft:coal":24,"minecraft:cobblestone":23,"minecraft:furnace":1},"minecraft:killed":{"minecraft:salmon":5,"minecraft:spider":2,"minecraft:drowned":1}},"DataVersion":3953}