{"stats":{"minecraft:broken":{"minecraft:stone_pickaxe":6,"minecraft:stone_axe":2,"minecraft:iron_pickaxe":1,"minecraft:stone_shovel":2},"minecraft:mined":{"minecraft:tuff":119,"minecraft:white_bed":1,"minecraft:deepslate_diamond_ore":9,"minecraft:oak_door":2,"minecraft:cherry_log":55,"minecraft:glow_lichen":2,"minecraft:granite":9,"minecraft:grass_block":158,"minecraft:magma_block":9,"minecraft:furnace":4,"minecraft:carrots":3,"minecraft:iron_ore":68,"minecraft:andesite":5,"minecraft:pumpkin":14,"minecraft:deepslate_lapis_ore":1,"minecraft:pointed_dripstone":14,"minecraft:deepslate_iron_ore":62,"minecraft:stone":526,"minecraft:deepslate_redstone_ore":4,"minecraft:crafting_table":13,"minecraft:cornflower":1,"minecraft:torch":10,"minecraft:short_grass":109,"minecraft:tall_grass":22,"minecraft:copper_ore":9,"minecraft:cobblestone":32,"minecraft:lapis_ore":5,"minecraft:deepslate_gold_ore":35,"minecraft:sugar_cane":9,"minecraft:oak_planks":1,"minecraft:wall_torch":6,"minecraft:pink_petals":56,"minecraft:cherry_fence":13,"minecraft:wheat":8,"minecraft:oak_log":22,"minecraft:coal_ore":245,"minecraft:cherry_leaves":63,"minecraft:dripstone_block":1,"minecraft:gravel":40,"minecraft:sand":60,"minecraft:dirt":54,"minecraft:gold_ore":5,"minecraft:deepslate":25},"minecraft:custom":{"minecraft:mob_kills":83,"minecraft:animals_bred":2,"minecraft:interact_with_crafting_table":44,"minecraft:leave_game":6,"minecraft:time_since_death":17557,"minecraft:sprint_one_cm":368561,"minecraft:walk_one_cm":961074,"minecraft:damage_blocked_by_shield":1350,"minecraft:drop":15,"minecraft:play_time":220893,"minecraft:deaths":1,"minecraft:sneak_time":21141,"minecraft:walk_under_water_one_cm":25956,"minecraft:jump":2180,"minecraft:walk_on_water_one_cm":27275,"minecraft:total_world_time":220893,"minecraft:interact_with_furnace":62,"minecraft:sleep_in_bed":7,"minecraft:time_since_rest":2430,"minecraft:damage_taken":1532,"minecraft:damage_dealt":13376,"minecraft:swim_one_cm":62417,"minecraft:fly_one_cm":186670,"minecraft:open_chest":32,"minecraft:crouch_one_cm":68231,"minecraft:fall_one_cm":23658},"minecraft:used":{"minecraft:cherry_sapling":9,"minecraft:stone_sword":52,"minecraft:iron_shovel":4,"minecraft:stone_shovel":264,"minecraft:chest":2,"minecraft:shield":24,"minecraft:iron_sword":47,"minecraft:cooked_salmon":7,"minecraft:stone_hoe":118,"minecraft:rotten_flesh":7,"minecraft:oak_door":3,"minecraft:torch":202,"minecraft:dirt":88,"minecraft:carrot":12,"minecraft:tuff":77,"minecraft:pink_carpet":1,"minecraft:furnace":8,"minecraft:cooked_beef":7,"minecraft:cherry_fence":35,"minecraft:cooked_mutton":6,"minecraft:wheat_seeds":51,"minecraft:water_bucket":9,"minecraft:stone_pickaxe":787,"minecraft:oak_planks":16,"minecraft:wooden_pickaxe":18,"minecraft:cherry_planks":28,"minecraft:crafting_table":18,"minecraft:white_bed":2,"minecraft:smoker":1,"minecraft:cornflower":1,"minecraft:bread":3,"minecraft:iron_pickaxe":392,"minecraft:stone_axe":253,"minecraft:pink_petals":180,"minecraft:cobblestone":375,"minecraft:cooked_porkchop":4,"minecraft:bucket":9,"minecraft:bone_meal":23},"minecraft:dropped":{"minecraft:wheat_seeds":1,"minecraft:dripstone_block":1,"minecraft:cobblestone":1,"minecraft:dirt":1,"minecraft:string":1,"minecraft:pink_petals":10,"minecraft:stone_sword":1,"minecraft:oak_planks":1,"minecraft:wooden_pickaxe":1},"minecraft:crafted":{"minecraft:cherry_planks":132,"minecraft:oak_door":3,"minecraft:oak_planks":72,"minecraft:stone_shovel":2,"minecraft:furnace":5,"minecraft:bone_meal":24,"minecraft:pink_carpet":3,"minecraft:pink_dye":2,"minecraft:cooked_mutton":8,"minecraft:bow":1,"minecraft:iron_boots":1,"minecraft:iron_axe":1,"minecraft:stone_pickaxe":6,"minecraft:chest":2,"minecraft:stone_hoe":1,"minecraft:cherry_fence":27,"minecraft:smoker":1,"minecraft:cooked_beef":16,"minecraft:cooked_porkchop":4,"minecraft:crafting_table":6,"minecraft:wooden_pickaxe":1,"minecraft:iron_helmet":1,"minecraft:iron_sword":1,"minecraft:cooked_salmon":7,"minecraft:bucket":2,"minecraft:stone_axe":3,"minecraft:bread":1,"minecraft:air":0,"minecraft:white_wool":1,"minecraft:iron_chestplate":1,"minecraft:pink_wool":2,"minecraft:shield":1,"minecraft:white_dye":1,"minecraft:stick":112,"minecraft:iron_ingot":130,"minecraft:iron_pickaxe":3,"minecraft:stone_sword":1,"minecraft:iron_leggings":1,"minecraft:iron_shovel":1,"minecraft:gold_ingot":40,"minecraft:white_bed":1,"minecraft:torch":188},"minecraft:picked_up":{"minecraft:crafting_table":13,"minecraft:wheat":8,"minecraft:cornflower":1,"minecraft:string":7,"minecraft:raw_copper":40,"minecraft:cobbled_deepslate":25,"minecraft:beef":16,"minecraft:sugar_cane":24,"minecraft:birch_sapling":1,"minecraft:furnace":4,"minecraft:stick":14,"minecraft:raw_iron":130,"minecraft:oak_door":2,"minecraft:torch":17,"minecraft:porkchop":4,"minecraft:cherry_log":55,"minecraft:pointed_dripstone":20,"minecraft:carrot":12,"minecraft:redstone":17,"minecraft:arrow":7,"minecraft:rotten_flesh":36,"minecraft:mutton":8,"minecraft:cobblestone":528,"minecraft:white_wool":4,"minecraft:pink_petals":202,"minecraft:magma_block":9,"minecraft:andesite":5,"minecraft:salmon":7,"minecraft:brown_wool":1,"minecraft:leather":10,"minecraft:flint":4,"minecraft:tuff":119,"minecraft:oak_log":22,"minecraft:cherry_fence":13,"minecraft:gunpowder":12,"minecraft:dirt":220,"minecraft:lapis_lazuli":48,"minecraft:bone":5,"minecraft:wheat_seeds":52,"minecraft:raw_gold":40,"minecraft:iron_ingot":1,"minecraft:oak_planks":1,"minecraft:pumpkin":14,"minecraft:dripstone_block":1,"minecraft:gravel":39,"minecraft:sand":60,"minecraft:white_bed":1,"minecraft:spider_eye":2,"minecraft:slime_ball":1,"minecraft:diamond":9,"minecraft:granite":9,"minecraft:cherry_sapling":21,"minecraft:coal":262},"minecraft:killed":{"minecraft:spider":8,"minecraft:skeleton":6,"minecraft:silverfish":1,"minecraft:drowned":2,"minecraft:pig":2,"minecraft:salmon":7,"minecraft:creeper":10,"minecraft:sheep":5,"minecraft:zombie":34,"minecraft:cow":7}},"DataVersion":3953}