{"stats":{"minecraft:broken":{"minecraft:stone_pickaxe":6,"minecraft:stone_axe":2,"minecraft:iron_pickaxe":1,"minecraft:stone_shovel":1},"minecraft:mined":{"minecraft:tuff":119,"minecraft:white_bed":1,"minecraft:deepslate_diamond_ore":9,"minecraft:oak_door":2,"minecraft:cherry_log":55,"minecraft:glow_lichen":2,"minecraft:granite":9,"minecraft:grass_block":138,"minecraft:magma_block":9,"minecraft:furnace":4,"minecraft:iron_ore":68,"minecraft:andesite":5,"minecraft:pumpkin":14,"minecraft:deepslate_lapis_ore":1,"minecraft:pointed_dripstone":14,"minecraft:deepslate_iron_ore":62,"minecraft:stone":514,"minecraft:deepslate_redstone_ore":4,"minecraft:cornflower":1,"minecraft:crafting_table":12,"minecraft:torch":6,"minecraft:short_grass":97,"minecraft:tall_grass":22,"minecraft:copper_ore":9,"minecraft:cobblestone":32,"minecraft:deepslate_gold_ore":35,"minecraft:lapis_ore":5,"minecraft:sugar_cane":9,"minecraft:oak_planks":1,"minecraft:wall_torch":5,"minecraft:pink_petals":27,"minecraft:cherry_fence":4,"minecraft:wheat":2,"minecraft:coal_ore":245,"minecraft:oak_log":22,"minecraft:dirt":45,"minecraft:cherry_leaves":63,"minecraft:gravel":40,"minecraft:sand":60,"minecraft:dripstone_block":1,"minecraft:gold_ore":5,"minecraft:deepslate":25},"minecraft:custom":{"minecraft:mob_kills":79,"minecraft:interact_with_crafting_table":43,"minecraft:leave_game":5,"minecraft:time_since_death":202352,"minecraft:sprint_one_cm":286502,"minecraft:walk_one_cm":858639,"minecraft:damage_blocked_by_shield":1350,"minecraft:drop":15,"minecraft:play_time":202352,"minecraft:sneak_time":21051,"minecraft:walk_under_water_one_cm":25956,"minecraft:jump":1930,"minecraft:walk_on_water_one_cm":27275,"minecraft:total_world_time":202352,"minecraft:interact_with_furnace":62,"minecraft:sleep_in_bed":6,"minecraft:time_since_rest":889,"minecraft:damage_taken":1434,"minecraft:damage_dealt":12576,"minecraft:swim_one_cm":62417,"minecraft:fly_one_cm":150762,"minecraft:open_chest":28,"minecraft:crouch_one_cm":67817,"minecraft:fall_one_cm":20095},"minecraft:used":{"minecraft:cherry_sapling":9,"minecraft:stone_sword":52,"minecraft:stone_shovel":247,"minecraft:chest":2,"minecraft:shield":24,"minecraft:iron_sword":34,"minecraft:cooked_salmon":7,"minecraft:stone_hoe":117,"minecraft:rotten_flesh":7,"minecraft:oak_door":3,"minecraft:torch":166,"minecraft:dirt":50,"minecraft:tuff":77,"minecraft:furnace":8,"minecraft:cooked_beef":4,"minecraft:cherry_fence":25,"minecraft:wheat_seeds":22,"minecraft:cooked_mutton":6,"minecraft:water_bucket":9,"minecraft:stone_pickaxe":787,"minecraft:oak_planks":16,"minecraft:wooden_pickaxe":18,"minecraft:cherry_planks":28,"minecraft:crafting_table":16,"minecraft:white_bed":2,"minecraft:bread":3,"minecraft:iron_pickaxe":380,"minecraft:stone_axe":243,"minecraft:pink_petals":60,"minecraft:cobblestone":375,"minecraft:cooked_porkchop":4,"minecraft:bucket":9,"minecraft:bone_meal":16},"minecraft:dropped":{"minecraft:wheat_seeds":1,"minecraft:dripstone_block":1,"minecraft:cobblestone":1,"minecraft:dirt":1,"minecraft:string":1,"minecraft:pink_petals":10,"minecraft:stone_sword":1,"minecraft:oak_planks":1,"minecraft:wooden_pickaxe":1},"minecraft:crafted":{"minecraft:cherry_planks":132,"minecraft:oak_door":3,"minecraft:oak_planks":72,"minecraft:stone_shovel":2,"minecraft:furnace":5,"minecraft:bone_meal":24,"minecraft:cooked_mutton":8,"minecraft:bow":1,"minecraft:iron_boots":1,"minecraft:iron_axe":1,"minecraft:stone_pickaxe":6,"minecraft:chest":2,"minecraft:stone_hoe":1,"minecraft:cherry_fence":24,"minecraft:smoker":1,"minecraft:cooked_beef":16,"minecraft:cooked_porkchop":4,"minecraft:crafting_table":6,"minecraft:wooden_pickaxe":1,"minecraft:iron_helmet":1,"minecraft:iron_sword":1,"minecraft:cooked_salmon":7,"minecraft:bucket":2,"minecraft:stone_axe":3,"minecraft:bread":1,"minecraft:air":0,"minecraft:iron_chestplate":1,"minecraft:shield":1,"minecraft:stick":112,"minecraft:iron_ingot":130,"minecraft:iron_pickaxe":3,"minecraft:stone_sword":1,"minecraft:iron_shovel":1,"minecraft:gold_ingot":40,"minecraft:iron_leggings":1,"minecraft:white_bed":1,"minecraft:torch":188},"minecraft:picked_up":{"minecraft:crafting_table":12,"minecraft:wheat":2,"minecraft:cornflower":1,"minecraft:string":7,"minecraft:raw_copper":40,"minecraft:cobbled_deepslate":25,"minecraft:beef":16,"minecraft:sugar_cane":24,"minecraft:birch_sapling":1,"minecraft:furnace":4,"minecraft:raw_iron":130,"minecraft:stick":14,"minecraft:oak_door":2,"minecraft:torch":12,"minecraft:porkchop":4,"minecraft:cherry_log":55,"minecraft:pointed_dripstone":20,"minecraft:redstone":17,"minecraft:arrow":7,"minecraft:rotten_flesh":32,"minecraft:mutton":8,"minecraft:white_wool":4,"minecraft:cobblestone":518,"minecraft:magma_block":9,"minecraft:pink_petals":136,"minecraft:salmon":7,"minecraft:andesite":5,"minecraft:leather":10,"minecraft:brown_wool":1,"minecraft:flint":4,"minecraft:tuff":119,"minecraft:oak_log":22,"minecraft:cherry_fence":4,"minecraft:gunpowder":12,"minecraft:lapis_lazuli":48,"minecraft:dirt":191,"minecraft:bone":5,"minecraft:wheat_seeds":26,"minecraft:raw_gold":40,"minecraft:iron_ingot":1,"minecraft:oak_planks":1,"minecraft:pumpkin":14,"minecraft:gravel":39,"minecraft:dripstone_block":1,"minecraft:sand":60,"minecraft:white_bed":1,"minecraft:spider_eye":2,"minecraft:slime_ball":1,"minecraft:diamond":9,"minecraft:granite":9,"minecraft:cherry_sapling":21,"minecraft:coal":262},"minecraft:killed":{"minecraft:spider":8,"minecraft:skeleton":6,"minecraft:silverfish":1,"minecraft:drowned":2,"minecraft:pig":2,"minecraft:salmon":7,"minecraft:creeper":10,"minecraft:sheep":5,"minecraft:zombie":30,"minecraft:cow":7}},"DataVersion":3953}