{"stats":{"minecraft:mined":{"minecraft:deepslate_redstone_ore":4,"minecraft:tuff":119,"minecraft:white_bed":1,"minecraft:deepslate_diamond_ore":9,"minecraft:oak_door":2,"minecraft:cherry_log":55,"minecraft:glow_lichen":2,"minecraft:crafting_table":10,"minecraft:torch":6,"minecraft:granite":4,"minecraft:short_grass":18,"minecraft:grass_block":61,"minecraft:copper_ore":9,"minecraft:tall_grass":15,"minecraft:cobblestone":32,"minecraft:deepslate_gold_ore":35,"minecraft:oak_planks":1,"minecraft:sugar_cane":9,"minecraft:wall_torch":4,"minecraft:pink_petals":6,"minecraft:furnace":3,"minecraft:iron_ore":68,"minecraft:andesite":5,"minecraft:pumpkin":14,"minecraft:deepslate_lapis_ore":1,"minecraft:dripstone_block":1,"minecraft:pointed_dripstone":14,"minecraft:oak_log":16,"minecraft:coal_ore":231,"minecraft:deepslate_iron_ore":62,"minecraft:cherry_leaves":63,"minecraft:sand":60,"minecraft:gravel":40,"minecraft:dirt":45,"minecraft:stone":461,"minecraft:gold_ore":5,"minecraft:deepslate":25},"minecraft:broken":{"minecraft:stone_pickaxe":6,"minecraft:stone_axe":2,"minecraft:iron_pickaxe":1,"minecraft:stone_shovel":1},"minecraft:custom":{"minecraft:interact_with_furnace":38,"minecraft:mob_kills":77,"minecraft:interact_with_crafting_table":36,"minecraft:leave_game":5,"minecraft:time_since_death":166352,"minecraft:sleep_in_bed":4,"minecraft:time_since_rest":65917,"minecraft:sprint_one_cm":216400,"minecraft:damage_taken":1321,"minecraft:walk_one_cm":692476,"minecraft:damage_blocked_by_shield":1350,"minecraft:drop":13,"minecraft:damage_dealt":12346,"minecraft:swim_one_cm":52456,"minecraft:fly_one_cm":92492,"minecraft:open_chest":17,"minecraft:play_time":166352,"minecraft:crouch_one_cm":62625,"minecraft:sneak_time":19945,"minecraft:walk_under_water_one_cm":25484,"minecraft:jump":1418,"minecraft:walk_on_water_one_cm":25865,"minecraft:total_world_time":166352,"minecraft:fall_one_cm":12077},"minecraft:used":{"minecraft:cooked_mutton":6,"minecraft:cherry_sapling":9,"minecraft:water_bucket":2,"minecraft:stone_sword":52,"minecraft:stone_pickaxe":787,"minecraft:stone_shovel":175,"minecraft:oak_planks":16,"minecraft:wooden_pickaxe":18,"minecraft:chest":2,"minecraft:shield":24,"minecraft:iron_sword":34,"minecraft:rotten_flesh":7,"minecraft:cooked_salmon":7,"minecraft:oak_door":3,"minecraft:torch":159,"minecraft:dirt":47,"minecraft:crafting_table":15,"minecraft:white_bed":2,"minecraft:tuff":65,"minecraft:bread":3,"minecraft:iron_pickaxe":292,"minecraft:pink_petals":60,"minecraft:stone_axe":225,"minecraft:cobblestone":324,"minecraft:furnace":5,"minecraft:cooked_porkchop":4,"minecraft:bucket":3},"minecraft:dropped":{"minecraft:wheat_seeds":1,"minecraft:stone_sword":1,"minecraft:cobblestone":1,"minecraft:oak_planks":1,"minecraft:dirt":1,"minecraft:wooden_pickaxe":1,"minecraft:pink_petals":10},"minecraft:crafted":{"minecraft:cherry_planks":40,"minecraft:oak_door":3,"minecraft:oak_planks":64,"minecraft:stone_shovel":2,"minecraft:cooked_porkchop":4,"minecraft:crafting_table":5,"minecraft:iron_helmet":1,"minecraft:wooden_pickaxe":1,"minecraft:iron_sword":1,"minecraft:furnace":3,"minecraft:cooked_salmon":7,"minecraft:bucket":1,"minecraft:stone_axe":3,"minecraft:bread":1,"minecraft:cooked_mutton":6,"minecraft:air":0,"minecraft:bow":1,"minecraft:iron_boots":1,"minecraft:iron_chestplate":1,"minecraft:shield":1,"minecraft:stick":68,"minecraft:iron_ingot":51,"minecraft:iron_pickaxe":2,"minecraft:stone_pickaxe":6,"minecraft:stone_sword":1,"minecraft:chest":2,"minecraft:iron_leggings":1,"minecraft:white_bed":1,"minecraft:torch":188,"minecraft:stone_hoe":1},"minecraft:picked_up":{"minecraft:pink_petals":70,"minecraft:crafting_table":10,"minecraft:andesite":5,"minecraft:salmon":7,"minecraft:brown_wool":1,"minecraft:leather":10,"minecraft:flint":4,"minecraft:tuff":119,"minecraft:oak_log":16,"minecraft:gunpowder":12,"minecraft:lapis_lazuli":9,"minecraft:dirt":114,"minecraft:string":6,"minecraft:raw_copper":40,"minecraft:bone":5,"minecraft:wheat_seeds":9,"minecraft:cobbled_deepslate":25,"minecraft:raw_gold":40,"minecraft:iron_ingot":1,"minecraft:beef":16,"minecraft:sugar_cane":24,"minecraft:birch_sapling":1,"minecraft:oak_planks":1,"minecraft:furnace":3,"minecraft:stick":14,"minecraft:raw_iron":126,"minecraft:oak_door":2,"minecraft:pumpkin":14,"minecraft:torch":11,"minecraft:dripstone_block":1,"minecraft:gravel":39,"minecraft:porkchop":4,"minecraft:sand":60,"minecraft:cherry_log":55,"minecraft:pointed_dripstone":20,"minecraft:white_bed":1,"minecraft:redstone":17,"minecraft:spider_eye":2,"minecraft:arrow":7,"minecraft:rotten_flesh":32,"minecraft:slime_ball":1,"minecraft:diamond":9,"minecraft:granite":4,"minecraft:cherry_sapling":21,"minecraft:mutton":6,"minecraft:coal":238,"minecraft:white_wool":3,"minecraft:cobblestone":464},"minecraft:killed":{"minecraft:pig":2,"minecraft:salmon":7,"minecraft:spider":8,"minecraft:creeper":10,"minecraft:skeleton":6,"minecraft:sheep":4,"minecraft:zombie":29,"minecraft:silverfish":1,"minecraft:drowned":2,"minecraft:cow":7}},"DataVersion":3953}