{"stats":{"minecraft:mined":{"minecraft:tuff":44,"minecraft:white_bed":1,"minecraft:deepslate_diamond_ore":1,"minecraft:oak_door":2,"minecraft:cherry_log":55,"minecraft:crafting_table":9,"minecraft:torch":3,"minecraft:granite":4,"minecraft:short_grass":18,"minecraft:grass_block":61,"minecraft:copper_ore":9,"minecraft:tall_grass":15,"minecraft:cobblestone":26,"minecraft:deepslate_gold_ore":11,"minecraft:oak_planks":1,"minecraft:sugar_cane":9,"minecraft:wall_torch":4,"minecraft:pink_petals":6,"minecraft:furnace":2,"minecraft:iron_ore":30,"minecraft:pumpkin":14,"minecraft:pointed_dripstone":11,"minecraft:oak_log":16,"minecraft:coal_ore":203,"minecraft:deepslate_iron_ore":36,"minecraft:cherry_leaves":63,"minecraft:sand":60,"minecraft:gravel":40,"minecraft:dirt":45,"minecraft:stone":447,"minecraft:gold_ore":5,"minecraft:deepslate":18},"minecraft:broken":{"minecraft:stone_pickaxe":5,"minecraft:stone_axe":2,"minecraft:stone_shovel":1},"minecraft:custom":{"minecraft:interact_with_furnace":35,"minecraft:mob_kills":66,"minecraft:interact_with_crafting_table":31,"minecraft:leave_game":5,"minecraft:time_since_death":142352,"minecraft:sleep_in_bed":4,"minecraft:time_since_rest":41917,"minecraft:sprint_one_cm":193938,"minecraft:damage_taken":871,"minecraft:walk_one_cm":594703,"minecraft:damage_blocked_by_shield":705,"minecraft:drop":12,"minecraft:damage_dealt":10255,"minecraft:swim_one_cm":52456,"minecraft:fly_one_cm":81342,"minecraft:open_chest":11,"minecraft:play_time":142352,"minecraft:crouch_one_cm":55323,"minecraft:sneak_time":17451,"minecraft:walk_under_water_one_cm":25484,"minecraft:jump":1123,"minecraft:walk_on_water_one_cm":25865,"minecraft:total_world_time":142352,"minecraft:fall_one_cm":9638},"minecraft:used":{"minecraft:cooked_mutton":5,"minecraft:cherry_sapling":9,"minecraft:water_bucket":2,"minecraft:stone_sword":52,"minecraft:stone_pickaxe":756,"minecraft:stone_shovel":175,"minecraft:oak_planks":16,"minecraft:wooden_pickaxe":18,"minecraft:chest":2,"minecraft:shield":13,"minecraft:cooked_salmon":7,"minecraft:oak_door":3,"minecraft:torch":117,"minecraft:dirt":47,"minecraft:crafting_table":14,"minecraft:white_bed":2,"minecraft:iron_pickaxe":80,"minecraft:pink_petals":60,"minecraft:stone_axe":220,"minecraft:cobblestone":309,"minecraft:furnace":5,"minecraft:cooked_porkchop":4,"minecraft:bucket":3},"minecraft:dropped":{"minecraft:wheat_seeds":1,"minecraft:cobblestone":1,"minecraft:oak_planks":1,"minecraft:dirt":1,"minecraft:wooden_pickaxe":1,"minecraft:pink_petals":10},"minecraft:crafted":{"minecraft:cherry_planks":32,"minecraft:oak_door":3,"minecraft:oak_planks":64,"minecraft:stone_shovel":2,"minecraft:cooked_porkchop":4,"minecraft:crafting_table":5,"minecraft:iron_helmet":1,"minecraft:wooden_pickaxe":1,"minecraft:furnace":3,"minecraft:cooked_salmon":7,"minecraft:bucket":1,"minecraft:stone_axe":3,"minecraft:cooked_mutton":6,"minecraft:air":0,"minecraft:iron_boots":1,"minecraft:iron_chestplate":1,"minecraft:shield":1,"minecraft:stick":52,"minecraft:iron_ingot":35,"minecraft:iron_pickaxe":1,"minecraft:stone_pickaxe":6,"minecraft:stone_sword":1,"minecraft:chest":2,"minecraft:iron_leggings":1,"minecraft:white_bed":1,"minecraft:torch":112,"minecraft:stone_hoe":1},"minecraft:picked_up":{"minecraft:pink_petals":70,"minecraft:crafting_table":9,"minecraft:salmon":7,"minecraft:brown_wool":1,"minecraft:leather":10,"minecraft:flint":4,"minecraft:tuff":44,"minecraft:oak_log":16,"minecraft:gunpowder":6,"minecraft:dirt":114,"minecraft:string":4,"minecraft:raw_copper":40,"minecraft:bone":3,"minecraft:wheat_seeds":9,"minecraft:cobbled_deepslate":18,"minecraft:raw_gold":16,"minecraft:beef":16,"minecraft:sugar_cane":24,"minecraft:birch_sapling":1,"minecraft:oak_planks":1,"minecraft:furnace":2,"minecraft:stick":14,"minecraft:raw_iron":66,"minecraft:oak_door":2,"minecraft:pumpkin":14,"minecraft:torch":8,"minecraft:gravel":39,"minecraft:porkchop":4,"minecraft:sand":60,"minecraft:cherry_log":55,"minecraft:pointed_dripstone":13,"minecraft:white_bed":1,"minecraft:spider_eye":2,"minecraft:arrow":1,"minecraft:rotten_flesh":28,"minecraft:diamond":1,"minecraft:granite":4,"minecraft:cherry_sapling":21,"minecraft:mutton":6,"minecraft:coal":210,"minecraft:white_wool":3,"minecraft:cobblestone":447},"minecraft:killed":{"minecraft:pig":2,"minecraft:salmon":7,"minecraft:spider":6,"minecraft:creeper":7,"minecraft:skeleton":2,"minecraft:sheep":4,"minecraft:zombie":27,"minecraft:silverfish":1,"minecraft:drowned":2,"minecraft:cow":7}},"DataVersion":3953}