{"stats":{"minecraft:broken":{"minecraft:stone_pickaxe":6,"minecraft:iron_axe":1,"minecraft:stone_axe":3,"minecraft:iron_pickaxe":1,"minecraft:stone_shovel":2},"minecraft:mined":{"minecraft:tuff":119,"minecraft:white_bed":2,"minecraft:deepslate_diamond_ore":9,"minecraft:oak_door":2,"minecraft:cherry_log":338,"minecraft:cherry_sapling":2,"minecraft:glow_lichen":2,"minecraft:granite":9,"minecraft:grass_block":252,"minecraft:magma_block":9,"minecraft:furnace":4,"minecraft:carrots":6,"minecraft:iron_ore":68,"minecraft:andesite":5,"minecraft:pumpkin":14,"minecraft:deepslate_lapis_ore":1,"minecraft:pointed_dripstone":14,"minecraft:deepslate_iron_ore":62,"minecraft:stone":533,"minecraft:deepslate_redstone_ore":4,"minecraft:crafting_table":13,"minecraft:cornflower":1,"minecraft:torch":11,"minecraft:short_grass":180,"minecraft:tall_grass":32,"minecraft:copper_ore":9,"minecraft:cobblestone":32,"minecraft:lapis_ore":5,"minecraft:deepslate_gold_ore":35,"minecraft:sugar_cane":9,"minecraft:oak_planks":1,"minecraft:wall_torch":6,"minecraft:pink_petals":167,"minecraft:cherry_fence":13,"minecraft:wheat":25,"minecraft:oak_log":22,"minecraft:coal_ore":245,"minecraft:cherry_leaves":122,"minecraft:dripstone_block":1,"minecraft:gravel":42,"minecraft:sand":60,"minecraft:dirt":55,"minecraft:gold_ore":5,"minecraft:deepslate":25},"minecraft:custom":{"minecraft:mob_kills":86,"minecraft:animals_bred":6,"minecraft:interact_with_crafting_table":48,"minecraft:leave_game":7,"minecraft:time_since_death":83137,"minecraft:sprint_one_cm":600881,"minecraft:walk_one_cm":1215857,"minecraft:damage_blocked_by_shield":1350,"minecraft:drop":16,"minecraft:play_time":286473,"minecraft:deaths":1,"minecraft:sneak_time":23142,"minecraft:walk_under_water_one_cm":25956,"minecraft:jump":3052,"minecraft:walk_on_water_one_cm":27314,"minecraft:total_world_time":286473,"minecraft:interact_with_furnace":62,"minecraft:sleep_in_bed":12,"minecraft:time_since_rest":2165,"minecraft:damage_taken":1660,"minecraft:damage_dealt":13977,"minecraft:swim_one_cm":62417,"minecraft:fly_one_cm":302969,"minecraft:open_chest":45,"minecraft:crouch_one_cm":74207,"minecraft:fall_one_cm":41817},"minecraft:used":{"minecraft:cherry_sapling":68,"minecraft:stone_sword":52,"minecraft:iron_shovel":101,"minecraft:stone_shovel":264,"minecraft:chest":3,"minecraft:shield":24,"minecraft:iron_sword":47,"minecraft:cooked_salmon":7,"minecraft:stone_hoe":118,"minecraft:rotten_flesh":7,"minecraft:oak_door":3,"minecraft:torch":253,"minecraft:dirt":123,"minecraft:carrot":23,"minecraft:tuff":77,"minecraft:pink_carpet":1,"minecraft:iron_axe":325,"minecraft:furnace":8,"minecraft:cooked_beef":12,"minecraft:cherry_fence":35,"minecraft:cherry_log":20,"minecraft:cooked_mutton":7,"minecraft:wheat_seeds":78,"minecraft:water_bucket":9,"minecraft:stone_pickaxe":787,"minecraft:oak_planks":16,"minecraft:wooden_pickaxe":18,"minecraft:cherry_planks":28,"minecraft:crafting_table":18,"minecraft:white_bed":2,"minecraft:smoker":1,"minecraft:cornflower":1,"minecraft:bread":3,"minecraft:iron_pickaxe":399,"minecraft:stone_axe":277,"minecraft:pink_petals":180,"minecraft:cobblestone":375,"minecraft:cooked_porkchop":4,"minecraft:bucket":9,"minecraft:bone_meal":23},"minecraft:dropped":{"minecraft:wheat_seeds":6,"minecraft:dripstone_block":1,"minecraft:cobblestone":1,"minecraft:dirt":1,"minecraft:string":1,"minecraft:pink_petals":10,"minecraft:stone_sword":1,"minecraft:oak_planks":1,"minecraft:wooden_pickaxe":1},"minecraft:crafted":{"minecraft:cherry_planks":132,"minecraft:oak_door":3,"minecraft:oak_planks":72,"minecraft:stone_shovel":2,"minecraft:furnace":5,"minecraft:bone_meal":24,"minecraft:pink_carpet":3,"minecraft:pink_dye":2,"minecraft:cooked_mutton":8,"minecraft:bow":1,"minecraft:iron_boots":1,"minecraft:iron_axe":2,"minecraft:stone_pickaxe":6,"minecraft:chest":3,"minecraft:stone_hoe":1,"minecraft:cherry_fence":27,"minecraft:smoker":1,"minecraft:cooked_beef":16,"minecraft:cooked_porkchop":4,"minecraft:crafting_table":6,"minecraft:iron_helmet":1,"minecraft:wooden_pickaxe":1,"minecraft:iron_sword":1,"minecraft:cooked_salmon":7,"minecraft:bucket":2,"minecraft:stone_axe":3,"minecraft:bread":1,"minecraft:air":0,"minecraft:white_wool":1,"minecraft:iron_chestplate":1,"minecraft:pink_wool":2,"minecraft:shield":1,"minecraft:white_dye":1,"minecraft:stick":112,"minecraft:iron_ingot":130,"minecraft:iron_pickaxe":3,"minecraft:stone_sword":1,"minecraft:iron_leggings":1,"minecraft:iron_shovel":1,"minecraft:gold_ingot":40,"minecraft:white_bed":1,"minecraft:torch":268},"minecraft:picked_up":{"minecraft:crafting_table":13,"minecraft:wheat":25,"minecraft:cornflower":1,"minecraft:string":7,"minecraft:raw_copper":40,"minecraft:cobbled_deepslate":25,"minecraft:beef":16,"minecraft:sugar_cane":24,"minecraft:birch_sapling":1,"minecraft:furnace":4,"minecraft:stick":118,"minecraft:raw_iron":130,"minecraft:oak_door":2,"minecraft:torch":22,"minecraft:porkchop":4,"minecraft:cherry_log":338,"minecraft:pointed_dripstone":20,"minecraft:carrot":23,"minecraft:redstone":17,"minecraft:arrow":7,"minecraft:rotten_flesh":40,"minecraft:mutton":8,"minecraft:cobblestone":537,"minecraft:white_wool":4,"minecraft:pink_petals":571,"minecraft:magma_block":9,"minecraft:andesite":5,"minecraft:salmon":7,"minecraft:brown_wool":1,"minecraft:leather":10,"minecraft:flint":4,"minecraft:tuff":119,"minecraft:oak_log":22,"minecraft:cherry_fence":13,"minecraft:gunpowder":13,"minecraft:lapis_lazuli":48,"minecraft:dirt":315,"minecraft:bone":5,"minecraft:wheat_seeds":118,"minecraft:raw_gold":40,"minecraft:iron_ingot":1,"minecraft:oak_planks":1,"minecraft:pumpkin":14,"minecraft:dripstone_block":1,"minecraft:gravel":41,"minecraft:sand":60,"minecraft:white_bed":2,"minecraft:spider_eye":2,"minecraft:slime_ball":1,"minecraft:diamond":9,"minecraft:granite":9,"minecraft:cherry_sapling":194,"minecraft:coal":262},"minecraft:killed":{"minecraft:spider":8,"minecraft:skeleton":6,"minecraft:silverfish":1,"minecraft:drowned":2,"minecraft:pig":2,"minecraft:salmon":7,"minecraft:creeper":11,"minecraft:sheep":5,"minecraft:zombie":36,"minecraft:cow":7}},"DataVersion":3953}